sqft,bedrooms,bathrooms,age,garage,location_score,price
2098.0,3,3,73,2,9.6,471934.0
1717.0,3,3,56,1,7.9,356119.0
2189.0,3,3,39,2,9.7,511713.0
2714.0,4,3,79,0,7.7,561945.0
1660.0,5,2,44,1,2.6,297471.0
1660.0,5,3,34,0,1.6,279780.0
2748.0,2,1,2,0,6.2,578706.0
2260.0,5,2,4,2,4.2,446497.0
1518.0,5,2,10,0,3.5,298470.0
2126.0,3,3,70,0,8.3,487280.0
1522.0,3,2,55,1,4.3,273175.0
1521.0,2,3,9,0,3.9,371802.0
1945.0,1,1,33,2,8.6,433977.0
652.0,2,3,66,2,8.6,270352.0
765.0,2,2,71,2,4.2,177719.0
1463.0,4,1,30,0,8.5,393774.0
1192.0,4,3,74,1,8.7,300539.0
1989.0,2,1,70,2,4.8,339173.0
1255.0,2,1,65,0,1.6,135364.0
953.0,2,2,69,2,1.0,179201.0
2679.0,5,1,40,2,5.7,530042.0
1665.0,4,2,62,1,4.1,298347.0
1841.0,2,1,31,2,10.0,397168.0
945.0,3,3,19,1,8.0,318893.0
1473.0,3,1,56,0,7.9,371877.0
1867.0,5,3,49,2,9.6,469292.0
1109.0,5,3,79,0,9.0,297592.0
2025.0,1,1,24,0,3.9,339141.0
1440.0,1,3,11,0,2.5,319785.0
1625.0,1,1,70,2,7.7,315962.0
1439.0,5,1,38,1,4.4,300234.0
2911.0,5,3,16,2,5.3,616827.0
1792.0,5,3,44,0,6.7,425626.0
1165.0,3,2,10,1,9.2,350046.0
2294.0,5,3,69,0,4.8,418931.0
1067.0,3,2,22,1,8.0,353911.0
1925.0,1,3,69,2,3.4,312914.0
624.0,1,1,37,1,7.3,193999.0
1003.0,1,3,1,2,1.0,183230.0
1918.0,2,1,78,0,8.8,415693.0
2243.0,2,1,71,1,1.3,320891.0
1903.0,4,1,36,0,7.4,394354.0
1731.0,4,2,48,1,1.4,320978.0
1619.0,4,3,51,2,3.4,297406.0
913.0,2,1,32,1,5.5,243340.0
1368.0,2,1,21,1,4.8,285092.0
1524.0,4,2,4,2,2.7,304108.0
2434.0,4,3,17,2,4.0,466849.0
2006.0,5,3,37,2,7.5,455461.0
742.0,4,2,36,1,7.0,238775.0
1994.0,5,2,63,0,1.6,307499.0
1569.0,3,3,9,1,7.7,417393.0
1394.0,2,2,78,1,1.5,184220.0
2167.0,4,3,41,0,5.9,389418.0
2419.0,2,3,47,2,3.3,487289.0
2359.0,2,1,43,1,6.3,452702.0
1296.0,2,1,15,0,3.4,310987.0
1614.0,3,3,53,2,9.9,393649.0
1999.0,1,3,34,2,3.8,397422.0
2385.0,4,3,27,1,3.2,480229.0
1512.0,1,3,1,2,3.5,329933.0
1689.0,1,3,12,2,9.1,399603.0
1136.0,1,3,40,0,6.7,276707.0
1082.0,2,2,79,0,7.6,268444.0
2288.0,5,3,58,2,9.3,538364.0
2614.0,2,2,68,0,9.2,515724.0
1757.0,2,2,52,2,7.7,411109.0
2402.0,1,3,44,1,2.8,438076.0
2017.0,2,3,19,0,8.6,455111.0
1413.0,1,2,23,2,2.8,242038.0
2017.0,5,2,60,2,7.7,450578.0
2723.0,4,3,57,0,7.2,519714.0
1779.0,1,3,26,0,7.8,411019.0
2739.0,5,2,25,1,5.8,581369.0
500.0,4,2,6,2,6.7,250365.0
2293.0,3,2,41,1,9.6,541276.0
1852.0,1,1,46,1,1.9,270394.0
1621.0,1,2,52,1,3.8,323370.0
1855.0,3,1,58,0,6.5,407307.0
607.0,3,3,37,1,9.7,274274.0
1668.0,1,3,68,0,1.9,325783.0
2014.0,3,2,52,0,1.2,305148.0
2687.0,2,3,14,1,1.5,456366.0
1489.0,4,3,25,1,1.5,315679.0
1315.0,4,3,47,2,9.2,378552.0
1499.0,4,3,18,1,7.5,378239.0
2349.0,2,1,8,2,7.1,507873.0
1997.0,3,1,63,1,5.7,385623.0
1482.0,5,2,53,1,8.0,355828.0
2108.0,3,2,50,1,2.4,370933.0
1858.0,1,2,38,1,4.5,373225.0
2381.0,4,3,3,2,5.4,500717.0
1379.0,3,3,2,2,2.0,320045.0
1603.0,5,1,63,1,4.8,298069.0
1565.0,1,1,28,1,3.8,279192.0
922.0,2,2,10,2,1.3,229877.0
1978.0,2,1,57,0,2.2,327854.0
1957.0,5,1,74,0,7.9,357269.0
1803.0,1,1,26,0,1.2,277740.0
1659.0,4,1,20,2,9.4,442254.0
951.0,3,1,38,2,1.8,190356.0
1548.0,1,2,45,0,8.2,366494.0
1594.0,2,2,65,0,9.1,366368.0
1319.0,5,1,35,1,9.5,366533.0
1703.0,5,2,74,2,8.8,400315.0
2042.0,3,3,64,2,3.6,408263.0
2932.0,5,1,62,0,4.0,519497.0
1905.0,5,3,34,0,4.8,417214.0
1955.0,1,2,30,2,2.3,349205.0
1755.0,4,2,27,1,1.2,307986.0
649.0,3,3,0,0,8.8,281973.0
1784.0,1,2,24,2,6.0,408838.0
1836.0,4,1,42,2,6.5,419261.0
3278.0,1,3,66,1,9.3,612821.0
1685.0,1,1,62,1,7.0,336377.0
1981.0,5,3,50,0,7.2,453866.0
1779.0,4,2,1,0,8.1,454146.0
1099.0,3,3,63,0,2.0,215763.0
2486.0,3,3,73,2,4.2,422274.0
2251.0,4,1,68,0,9.7,443695.0
2275.0,5,2,8,2,9.3,579643.0
1254.0,2,1,1,0,9.0,387431.0
2642.0,1,2,33,1,5.1,446845.0
959.0,5,1,59,1,8.7,284660.0
2152.0,4,3,60,2,1.4,396702.0
3114.0,1,1,30,1,2.3,449096.0
1206.0,3,2,9,2,4.7,277704.0
1460.0,2,2,75,2,5.4,288986.0
1860.0,3,3,35,1,3.4,352611.0
1498.0,4,2,48,2,4.2,322640.0
870.0,1,1,69,1,2.5,174977.0
1841.0,4,3,48,0,5.4,365484.0
1163.0,1,2,2,0,8.1,328218.0
2084.0,5,2,73,1,7.0,419887.0
1248.0,2,1,4,1,2.0,251013.0
2730.0,5,1,60,1,5.4,500463.0
1330.0,5,3,25,1,7.3,436619.0
1607.0,4,2,71,0,5.8,363990.0
2288.0,2,1,4,2,4.5,408369.0
1061.0,1,3,14,2,6.6,280477.0
1936.0,1,2,15,0,9.7,436791.0
2584.0,3,2,0,2,1.9,444599.0
836.0,1,3,15,0,4.5,190770.0
1911.0,4,3,36,2,4.7,403250.0
1956.0,5,1,2,1,6.2,424188.0
2269.0,5,2,51,1,2.4,382838.0
1058.0,5,2,46,1,2.6,281233.0
1008.0,2,2,12,0,3.6,218311.0
2113.0,1,3,79,0,9.6,430738.0
1978.0,4,1,54,2,7.6,442170.0
1950.0,2,2,20,2,7.0,421710.0
2008.0,3,3,65,2,8.4,417328.0
1392.0,4,2,53,0,2.1,248172.0
1939.0,4,1,26,2,8.7,507331.0
1976.0,4,2,37,1,6.4,412043.0
1371.0,5,1,57,2,4.0,261584.0
2919.0,4,1,61,1,8.3,574766.0
2084.0,1,2,45,0,8.2,424343.0
1085.0,4,2,10,1,8.6,414428.0
2194.0,5,1,71,1,2.0,341212.0
1215.0,4,3,7,1,9.7,439886.0
2272.0,3,1,70,0,9.6,494472.0
2495.0,3,2,63,0,4.2,425598.0
1308.0,5,2,20,0,1.6,267946.0
2378.0,1,3,71,0,2.5,355709.0
2048.0,1,1,62,2,9.9,425121.0
2293.0,2,1,63,0,6.1,402881.0
2938.0,5,1,19,1,4.2,550602.0
1653.0,4,2,7,0,3.6,316905.0
1348.0,5,1,57,2,3.3,278045.0
1266.0,2,3,45,2,7.0,318958.0
1311.0,5,2,30,2,4.8,330147.0
1754.0,5,2,8,1,9.7,485674.0
2005.0,2,1,14,0,7.2,419174.0
1966.0,1,3,25,0,8.1,453033.0
2296.0,4,2,9,0,3.6,445587.0
1808.0,2,2,28,1,1.7,339047.0
2672.0,3,1,79,1,5.4,468377.0
1641.0,1,1,35,2,3.8,312175.0
3432.0,3,3,36,2,2.8,597735.0
2175.0,1,1,70,0,9.6,466312.0
1286.0,4,3,22,1,5.0,334324.0
1157.0,4,2,40,1,2.6,209169.0
2089.0,5,3,79,0,2.8,356242.0
1666.0,3,3,27,0,3.5,335470.0
2228.0,1,3,47,2,10.0,502540.0
2084.0,4,2,37,2,3.4,406591.0
1756.0,2,1,30,2,4.0,315228.0
1292.0,4,2,13,0,6.9,341698.0
891.0,2,1,72,0,3.6,150896.0
1532.0,1,3,76,2,2.9,296266.0
2314.0,4,3,28,2,2.4,416215.0
1928.0,4,3,50,1,3.8,380046.0
1053.0,1,3,48,1,2.0,181648.0
1904.0,4,3,42,2,1.2,396078.0
2031.0,2,1,71,2,8.2,442921.0
1270.0,4,1,4,1,2.2,229810.0
1892.0,3,3,41,2,8.0,422887.0
1835.0,5,2,6,1,8.2,484880.0
1114.0,2,2,41,1,5.8,279384.0
2015.0,3,3,35,1,3.8,407656.0
2136.0,1,1,26,0,2.3,359021.0
2450.0,2,2,57,0,7.6,500123.0
2432.0,5,2,45,2,6.4,520554.0
973.0,5,2,65,1,6.9,260232.0
1237.0,1,3,24,0,1.1,196585.0
2109.0,1,2,72,2,9.3,400716.0
2108.0,2,2,26,2,1.6,368799.0
2109.0,4,2,0,2,4.3,402876.0
4112.0,1,2,73,2,4.6,677987.0
2143.0,4,1,41,2,1.0,352062.0
2481.0,3,3,51,1,5.5,528106.0
2372.0,5,3,24,2,7.8,549868.0
2191.0,4,1,53,1,8.4,461636.0
1611.0,5,1,66,0,8.9,334140.0
2255.0,4,3,5,2,5.4,463591.0
1336.0,3,2,57,0,6.7,320015.0
1658.0,1,2,69,1,1.7,249394.0
1509.0,3,3,52,1,5.4,394987.0
1849.0,1,2,65,0,2.4,291193.0
3189.0,1,1,57,2,4.3,533844.0
680.0,5,2,1,2,4.0,203680.0
2212.0,3,2,75,0,4.8,415627.0
832.0,4,2,21,0,6.1,233083.0
1517.0,3,3,36,0,9.1,408725.0
2453.0,5,1,19,2,4.6,505356.0
1839.0,1,2,23,2,9.8,451218.0
1153.0,5,3,64,2,7.8,371196.0
1371.0,2,2,64,0,5.6,263205.0
2208.0,2,1,0,2,6.8,514996.0
1362.0,4,2,2,1,1.9,261694.0
1930.0,5,1,45,0,8.6,454467.0
1827.0,4,2,54,2,6.2,388959.0
1409.0,4,1,74,0,9.9,326572.0
3086.0,2,2,63,1,6.7,517941.0
2180.0,4,1,44,1,8.5,462941.0
585.0,2,2,25,0,8.2,222610.0
1912.0,1,2,76,0,4.1,323941.0
1403.0,5,3,64,1,3.3,309407.0
2311.0,4,3,23,0,4.9,449224.0
1324.0,2,1,73,1,5.2,296307.0
1731.0,3,2,34,1,3.2,320422.0
2103.0,4,1,23,2,9.1,503874.0
2319.0,1,3,27,0,5.9,460816.0
1080.0,1,1,79,0,9.8,260896.0
1599.0,3,1,15,2,8.3,401249.0
1515.0,2,3,58,1,6.0,305368.0
1408.0,4,2,53,0,9.5,357962.0
2859.0,2,1,78,2,5.5,456155.0
2043.0,1,3,15,2,9.0,471476.0
1043.0,2,2,14,0,4.2,237003.0
2351.0,1,3,10,2,4.4,487855.0
3073.0,2,1,64,1,4.8,506944.0
2419.0,3,2,78,2,5.9,438114.0
888.0,5,2,67,1,6.0,244879.0
1509.0,3,3,42,1,5.5,345354.0
2560.0,3,3,68,0,3.8,431156.0
1375.0,5,3,12,2,9.3,434738.0
2066.0,5,2,9,1,6.3,462737.0
2265.0,4,2,74,1,4.7,397745.0
1244.0,4,1,40,2,6.9,301098.0
1764.0,3,2,49,1,7.9,421852.0
500.0,3,1,70,2,9.6,200063.0
1185.0,1,3,58,0,5.5,264372.0
1648.0,1,3,38,1,2.0,264942.0
1051.0,4,2,2,1,5.0,320486.0
2779.0,4,3,75,2,5.3,502003.0
942.0,1,3,6,2,9.1,338589.0
1536.0,1,2,48,2,4.6,298005.0
1878.0,2,1,25,2,9.6,455186.0
2665.0,2,2,32,1,5.4,511693.0
938.0,1,1,47,0,9.8,266016.0
2498.0,2,2,78,0,1.1,321742.0
1806.0,5,2,1,0,9.1,497736.0
1211.0,4,3,70,0,9.4,330868.0
2077.0,4,2,31,2,9.6,508727.0
1919.0,1,2,3,1,1.1,357574.0
1440.0,3,1,19,1,2.5,269531.0
1842.0,1,3,35,1,6.9,414469.0
1569.0,2,1,31,2,1.2,250271.0
1868.0,3,1,27,1,1.6,333892.0
2197.0,2,3,76,2,3.0,378130.0
2752.0,5,3,0,1,5.6,568359.0
1057.0,2,3,59,0,5.9,253268.0
3080.0,5,2,55,2,1.3,487218.0
629.0,5,3,34,1,2.5,194838.0
1709.0,2,3,29,0,5.5,377920.0
2153.0,2,3,53,0,6.3,436372.0
1969.0,5,1,35,0,2.3,391878.0
1426.0,3,1,54,2,4.6,285226.0
1675.0,5,2,79,2,9.1,400510.0
1504.0,4,1,57,1,10.0,350625.0
1446.0,5,2,64,0,9.9,417343.0
2310.0,3,1,68,1,8.9,430637.0
2014.0,4,3,50,1,4.6,410125.0
1384.0,1,1,21,0,7.2,303156.0
2340.0,1,2,52,1,4.7,420162.0
1984.0,3,1,35,2,6.8,387507.0
2288.0,5,3,67,1,3.8,450623.0
2178.0,2,2,35,0,6.5,411624.0
1303.0,3,3,51,2,5.7,341454.0
1464.0,4,3,52,2,1.2,253098.0
2248.0,4,2,49,1,8.1,506182.0
2166.0,1,3,79,1,1.1,307565.0
1787.0,4,3,40,2,3.6,355330.0
1870.0,3,1,17,1,1.1,324713.0
2567.0,4,3,21,0,4.4,480779.0
1445.0,3,3,65,1,1.6,232351.0
2128.0,2,3,20,1,9.2,478654.0
1679.0,1,3,43,2,4.7,352491.0
1669.0,4,2,46,1,5.1,352629.0
2459.0,3,1,38,1,4.1,444035.0
2295.0,5,3,28,1,6.6,495485.0
2288.0,1,3,53,0,8.1,479428.0
2583.0,2,2,16,1,6.8,549444.0
1813.0,3,3,79,0,7.7,399089.0
2209.0,2,2,59,0,9.2,456258.0
1614.0,2,1,30,0,8.8,347135.0
1994.0,4,1,72,0,7.1,342146.0
1722.0,4,3,77,2,2.9,319042.0
1858.0,3,3,48,0,6.7,351590.0
2157.0,5,3,1,1,5.6,483103.0
1309.0,3,2,47,0,7.5,353650.0
3055.0,5,3,13,1,8.5,628524.0
1196.0,2,3,58,0,7.7,268173.0
1071.0,1,1,57,2,8.6,292332.0
2495.0,3,3,57,0,1.6,342108.0
2275.0,3,1,50,0,1.3,366064.0
2174.0,5,3,1,2,3.3,499981.0
2177.0,2,1,40,0,9.1,437329.0
1793.0,2,3,15,1,8.4,414986.0
1262.0,5,1,3,0,7.1,360766.0
1845.0,2,2,11,0,7.3,388356.0
1394.0,4,1,28,0,7.5,364026.0
2385.0,1,1,6,2,9.5,499979.0
1712.0,3,1,13,0,8.5,453921.0
1305.0,1,3,11,0,6.6,346621.0
1607.0,3,3,4,1,7.0,409698.0
2048.0,4,3,31,0,2.9,436988.0
1462.0,2,2,73,0,6.9,330391.0
1307.0,5,2,42,0,4.8,307947.0
1946.0,4,1,68,0,2.4,270601.0
1947.0,1,2,44,1,8.3,401174.0
1496.0,5,1,8,1,5.6,386994.0
1517.0,2,1,48,2,9.8,343656.0
1939.0,4,1,32,0,3.5,343168.0
931.0,5,2,17,2,5.3,256410.0
956.0,4,3,8,2,5.0,302467.0
1369.0,4,2,61,0,2.1,267936.0
1672.0,2,1,56,1,4.8,336630.0
1987.0,3,1,28,1,3.6,350081.0
2685.0,5,2,77,0,2.4,451542.0
2315.0,2,1,24,0,3.5,386583.0
1704.0,4,1,14,1,3.1,335631.0
1789.0,2,2,5,0,7.6,431393.0
1198.0,3,2,41,0,1.3,240661.0
1789.0,5,2,28,0,6.6,354556.0
1627.0,3,1,78,1,7.8,343776.0
1994.0,1,1,3,2,5.3,443725.0
1304.0,5,3,56,2,9.4,385316.0
2112.0,3,3,48,0,7.4,450970.0
2720.0,4,2,43,1,7.7,537441.0
1735.0,5,3,79,0,2.8,349116.0
2041.0,5,1,74,1,8.0,411969.0
2214.0,2,3,13,0,8.5,498542.0
1559.0,4,1,2,1,4.3,334306.0
1934.0,1,2,61,1,2.9,325877.0
1808.0,3,2,63,2,4.5,383356.0
1859.0,2,1,44,0,7.7,363785.0
1336.0,3,3,57,2,4.8,301024.0
1815.0,1,2,19,2,7.6,425231.0
2099.0,1,2,57,1,2.0,317243.0
2671.0,5,3,56,0,8.3,554139.0
2376.0,1,3,76,1,3.3,441001.0
3092.0,3,1,67,1,3.2,456580.0
1340.0,4,3,77,1,6.3,297510.0
2323.0,4,3,51,0,1.6,406439.0
1910.0,5,3,36,0,1.2,342852.0
3114.0,3,1,7,1,3.3,625877.0
1315.0,3,1,43,0,5.8,300210.0
1296.0,1,2,4,1,9.2,340644.0
1440.0,3,1,68,0,8.6,268504.0
526.0,2,2,30,0,5.4,184567.0
1485.0,1,3,44,2,1.3,244594.0
1345.0,2,2,8,1,5.8,360760.0
1890.0,5,2,31,2,7.3,438011.0
2005.0,4,3,32,2,4.1,401736.0
2926.0,5,2,66,1,2.0,471418.0
2370.0,4,1,29,1,3.5,459608.0
1454.0,5,1,75,0,7.9,339633.0
1261.0,3,1,28,1,4.2,315060.0
2095.0,2,1,2,2,8.3,471913.0
1008.0,4,2,56,2,3.9,254071.0
2899.0,1,2,29,1,2.5,508696.0
2508.0,2,3,8,2,4.9,524434.0
1518.0,1,2,25,0,5.1,303085.0
772.0,2,2,1,2,1.1,196028.0
2612.0,2,2,61,0,2.1,411419.0
1731.0,5,3,2,2,2.7,382969.0
2543.0,4,1,45,0,2.0,399592.0
843.0,4,2,67,0,4.1,136999.0
1440.0,2,3,24,1,9.7,431290.0
1803.0,3,3,50,0,5.6,385006.0
1828.0,3,3,12,1,6.6,396768.0
1530.0,1,1,43,2,4.2,308149.0
2174.0,1,2,34,2,3.9,433231.0
1159.0,5,3,54,2,1.2,256281.0
1715.0,2,1,8,0,5.5,339040.0
1872.0,1,3,1,2,5.4,398014.0
2109.0,1,3,60,2,2.4,346910.0
2227.0,2,3,40,1,7.9,499756.0
1125.0,5,3,43,1,5.4,309867.0
880.0,1,3,63,2,4.1,268051.0
2567.0,5,1,30,2,2.3,418801.0
1999.0,4,2,46,0,6.0,407335.0
1351.0,5,2,1,0,7.8,334273.0
2731.0,3,2,76,2,3.5,476790.0
1869.0,3,2,68,1,3.0,351220.0
2508.0,5,1,57,2,5.7,516051.0
1841.0,3,1,43,0,2.4,318361.0
3036.0,4,1,73,1,7.0,504227.0
2853.0,2,3,55,1,6.4,537448.0
1651.0,3,3,42,0,1.8,311669.0
2383.0,3,3,33,2,1.3,397843.0
2187.0,5,2,29,2,6.6,472998.0
2621.0,4,3,70,2,3.6,439980.0
1221.0,2,2,69,0,1.8,179309.0
2212.0,5,3,54,1,7.8,510879.0
2435.0,5,2,66,0,3.8,450858.0
745.0,4,3,12,2,5.1,224279.0
1090.0,2,3,2,0,3.1,243252.0
576.0,4,1,25,1,6.6,217584.0
1638.0,2,3,56,0,3.7,314317.0
2231.0,4,3,23,2,9.7,525289.0
2701.0,5,1,52,1,7.3,543421.0
1844.0,5,2,69,0,2.2,318044.0
2777.0,1,1,42,0,4.8,409813.0
972.0,3,1,59,1,4.5,193331.0
778.0,4,2,57,1,5.8,205213.0
1767.0,1,3,48,2,8.6,428218.0
2030.0,3,2,41,1,6.3,436929.0
1780.0,4,3,75,2,1.6,268565.0
560.0,2,3,65,0,6.9,198373.0
1747.0,3,2,10,2,1.1,328246.0
1017.0,5,1,17,0,8.0,314453.0
2202.0,1,2,51,1,7.0,417121.0
2020.0,3,3,45,0,3.8,382134.0
1236.0,3,2,43,1,3.6,288249.0
1492.0,5,2,21,0,8.2,396523.0
1164.0,4,3,52,0,8.1,320761.0
1762.0,2,1,58,0,4.2,296540.0
2373.0,5,2,29,0,3.7,478427.0
1209.0,2,3,7,2,6.0,298241.0
2102.0,4,3,56,0,1.1,334644.0
1482.0,3,2,72,2,1.7,217382.0
1324.0,2,1,19,1,2.1,254491.0
1736.0,1,2,24,1,2.7,348692.0
1179.0,1,1,18,2,5.6,270331.0
1468.0,5,1,4,1,9.9,397189.0
1081.0,4,1,74,1,6.9,297005.0
2979.0,5,1,78,0,1.6,470983.0
1821.0,5,2,71,0,5.7,373265.0
1380.0,5,3,26,0,5.5,339517.0
1928.0,1,3,39,2,2.3,365246.0
1733.0,1,3,25,2,9.3,441674.0
1667.0,5,3,26,1,5.0,373784.0
2169.0,1,3,61,0,10.0,461895.0
2255.0,4,3,49,2,4.8,425188.0
1482.0,5,2,41,2,6.5,333915.0
1455.0,1,1,28,0,1.9,237503.0
1635.0,2,3,38,2,5.1,384021.0
500.0,5,2,59,0,3.1,113179.0
891.0,5,3,40,1,8.5,332343.0
2620.0,4,3,32,1,8.1,542274.0
2787.0,3,1,15,1,8.4,529646.0
1651.0,3,1,22,0,7.5,392339.0
2146.0,4,1,6,2,8.5,541222.0
1987.0,4,3,25,1,2.8,372731.0
3647.0,4,3,11,1,5.1,649078.0
2472.0,3,3,71,1,7.2,499734.0
1723.0,4,1,4,2,6.7,389256.0
1227.0,1,2,68,2,7.4,298725.0
836.0,5,3,48,0,3.0,237082.0
1922.0,5,3,25,1,1.9,386866.0
1346.0,2,3,4,2,9.3,421742.0
947.0,2,2,21,0,6.0,276236.0
1412.0,5,3,78,1,2.4,291924.0
1151.0,1,2,12,2,8.1,330305.0
2812.0,3,3,27,2,9.2,630235.0
2329.0,3,2,32,0,2.5,413749.0
1795.0,1,3,22,1,8.4,436816.0
2688.0,3,1,17,1,9.4,648873.0
1846.0,4,1,29,2,9.4,457482.0
1283.0,5,1,25,1,9.2,331452.0
2714.0,5,1,15,0,5.9,530913.0
2123.0,1,3,76,2,4.2,369027.0
1178.0,3,1,38,2,1.1,203610.0
1686.0,2,2,32,0,1.5,314329.0
1275.0,2,1,25,2,4.9,312352.0
970.0,3,1,47,1,4.6,216216.0
2356.0,2,1,64,1,2.7,341295.0
2946.0,1,3,37,2,4.6,539115.0
961.0,1,1,1,0,2.6,188322.0
2138.0,3,2,5,0,8.6,499514.0
1410.0,2,1,45,1,3.7,261674.0
1508.0,1,1,49,0,6.4,333174.0
1445.0,1,1,37,2,5.5,308839.0
1282.0,4,2,17,2,1.5,255140.0
1829.0,4,1,26,1,9.5,411130.0
1301.0,1,2,40,1,5.7,286190.0
1962.0,3,2,71,1,3.9,349313.0
1770.0,5,1,73,0,2.4,288864.0
1657.0,5,2,16,2,4.0,391779.0
1255.0,1,3,61,2,1.2,178719.0
1454.0,1,1,28,2,4.3,272707.0
2253.0,1,1,57,1,5.8,406459.0
2101.0,3,2,69,2,8.8,438597.0
1213.0,4,2,77,0,7.2,275298.0
1860.0,1,1,21,0,2.0,310697.0
2251.0,1,3,5,2,2.3,441720.0
798.0,2,2,25,1,4.9,216036.0
2126.0,3,2,38,2,2.8,340681.0
1402.0,1,3,11,0,1.3,249254.0
2142.0,2,3,13,0,8.2,499025.0
1342.0,5,1,21,0,1.2,273209.0
717.0,1,3,50,2,8.5,271150.0
823.0,1,1,22,0,2.3,187905.0
1829.0,2,3,47,1,9.8,444270.0
1956.0,3,2,70,2,6.4,400477.0
1257.0,1,1,49,2,7.6,270286.0
2183.0,5,1,12,0,2.0,345424.0
803.0,1,1,9,0,8.8,229208.0
1760.0,5,3,54,1,8.6,413598.0
1073.0,4,2,8,2,6.9,291770.0
1409.0,4,1,78,0,5.5,268419.0
1828.0,5,1,51,1,7.5,392315.0
1284.0,3,1,1,0,1.1,267009.0
1569.0,1,1,24,2,6.3,318941.0
2404.0,1,2,12,0,8.6,515881.0
1454.0,4,3,50,2,4.2,310767.0
2301.0,5,2,57,0,2.0,368067.0
1122.0,1,1,33,2,4.8,227552.0
2118.0,1,2,34,1,7.5,390360.0
2665.0,3,1,2,2,2.0,494336.0
500.0,2,3,58,1,2.9,164473.0
1322.0,4,3,69,2,2.3,251312.0
2146.0,4,3,47,1,8.2,481651.0
1678.0,2,1,63,0,1.6,245420.0
2023.0,1,2,18,2,7.2,420190.0
1438.0,3,3,66,0,4.3,304936.0
1852.0,3,1,72,1,7.8,387202.0
1707.0,4,1,75,2,9.7,324377.0
2501.0,3,2,4,2,2.0,436499.0
1953.0,2,3,66,0,3.8,298213.0
2003.0,1,1,10,2,8.3,487637.0
1553.0,2,2,67,2,3.4,277967.0
1507.0,5,3,68,0,2.9,297774.0
1540.0,4,2,0,2,8.4,416663.0
2037.0,3,2,62,0,9.9,479724.0
1547.0,5,1,28,0,6.0,373408.0
1974.0,3,1,11,0,3.5,370429.0
3045.0,1,1,76,0,4.6,527742.0
2323.0,1,2,40,0,2.5,391002.0
1604.0,1,1,1,1,7.9,347210.0
2521.0,3,2,36,1,8.0,525229.0
1555.0,5,2,44,0,8.9,408151.0
577.0,1,1,79,1,1.2,64630.0
1195.0,5,3,47,1,6.1,304253.0
678.0,3,3,23,2,2.9,243262.0
1589.0,5,3,21,0,4.1,328936.0
1811.0,3,2,10,1,8.1,369534.0
2806.0,3,2,57,2,2.7,516680.0
1996.0,4,2,45,2,6.7,401948.0
1669.0,3,1,28,0,6.9,360082.0
2298.0,3,2,34,0,9.6,499813.0
500.0,2,1,14,2,8.0,254240.0
1941.0,1,1,59,0,8.2,423367.0
2263.0,4,3,41,0,5.8,429035.0
913.0,4,3,42,2,2.7,257465.0
2486.0,4,3,79,2,4.8,495649.0
2003.0,2,1,73,0,5.9,359730.0
1551.0,3,1,48,1,7.1,366124.0
2180.0,1,1,63,0,6.5,419412.0
3162.0,5,2,31,1,4.5,581439.0
1909.0,3,1,63,2,3.4,330846.0
1949.0,2,3,1,1,2.5,401984.0
1524.0,3,3,23,2,7.2,350214.0
1290.0,3,1,65,0,6.8,270798.0
2298.0,2,1,37,0,7.2,420917.0
1286.0,4,3,30,2,4.4,349833.0
1843.0,4,1,25,2,3.4,353726.0
1513.0,1,3,28,2,7.8,385083.0
2087.0,1,2,66,0,8.0,406290.0
2000.0,4,3,77,0,5.1,375851.0
2423.0,5,2,24,1,6.5,517060.0
1494.0,3,1,47,2,4.4,281658.0
1638.0,5,1,64,1,7.3,357312.0
1213.0,3,2,52,0,8.5,310988.0
1533.0,4,1,66,1,7.2,324545.0
2026.0,1,2,17,1,5.6,422332.0
2254.0,1,1,8,0,5.1,417473.0
1247.0,5,3,37,0,6.8,375396.0
2322.0,1,1,20,2,7.1,486763.0
2613.0,4,3,64,1,6.0,471503.0
2048.0,5,3,20,0,6.6,480348.0
2926.0,3,2,26,0,1.9,476914.0
1336.0,1,1,69,1,9.6,318040.0
1053.0,2,2,43,0,8.1,267056.0
733.0,1,1,27,2,4.4,130935.0
2698.0,3,3,44,2,6.1,531880.0
2193.0,5,3,16,1,1.4,383621.0
1767.0,3,1,39,2,1.4,312856.0
1968.0,2,1,2,0,3.3,374825.0
1125.0,4,2,75,0,7.2,257719.0
3267.0,1,1,75,0,8.7,625796.0
1878.0,5,1,65,0,6.0,341138.0
1866.0,4,1,45,1,5.8,365075.0
2235.0,3,2,29,2,4.6,413413.0
2089.0,5,1,68,2,2.5,410739.0
1934.0,4,3,8,0,2.1,416533.0
1326.0,5,2,10,1,7.8,342996.0
2083.0,2,2,68,0,9.3,417606.0
2929.0,2,3,65,0,5.1,496459.0
2607.0,1,3,30,1,6.9,507345.0
2756.0,1,3,32,1,9.2,550169.0
1493.0,2,1,38,0,1.8,233612.0
1206.0,5,3,45,2,7.9,377072.0
1725.0,2,1,36,0,6.6,404822.0
1833.0,1,2,59,2,6.4,329021.0
2457.0,2,2,30,2,3.6,424943.0
785.0,2,3,10,1,7.2,280343.0
2718.0,5,1,1,1,8.2,547650.0
1705.0,4,3,26,0,2.0,339201.0
1544.0,1,3,1,2,5.8,387309.0
1193.0,5,1,20,2,1.9,273098.0
807.0,2,3,57,0,8.9,273064.0
2294.0,2,2,4,0,5.6,451035.0
1844.0,4,3,51,0,8.3,423332.0
1026.0,1,1,44,1,4.3,179907.0
1023.0,1,1,19,0,2.1,201737.0
1599.0,3,2,60,0,1.4,300466.0
2801.0,1,1,37,2,3.5,487171.0
1644.0,4,1,19,0,3.2,306033.0
898.0,3,2,24,2,6.0,291034.0
1653.0,3,3,1,2,1.2,396159.0
1636.0,2,2,31,1,5.7,358011.0
500.0,2,3,25,0,4.5,188751.0
1767.0,1,2,69,0,6.2,351767.0
1661.0,3,3,40,2,7.3,358931.0
2218.0,2,2,66,1,6.7,416183.0
2909.0,4,3,0,1,9.9,645486.0
2476.0,2,2,50,0,2.2,425928.0
1639.0,2,3,4,2,4.9,397574.0
1136.0,3,2,12,0,4.8,278146.0
3344.0,3,1,18,0,4.8,580158.0
1836.0,5,3,11,0,7.0,404978.0
1808.0,4,2,47,0,5.4,370395.0
1786.0,3,3,24,2,5.7,381618.0
1919.0,1,3,56,1,4.9,339433.0
1713.0,4,2,34,0,9.9,457844.0
1456.0,4,3,75,0,9.3,387139.0
1472.0,3,2,4,0,3.8,309911.0
1780.0,4,1,21,0,2.0,285091.0
1474.0,3,3,76,1,8.6,334015.0
1372.0,2,1,56,1,10.0,369493.0
1864.0,5,3,46,1,3.6,390974.0
1647.0,2,3,53,1,4.2,314158.0
2702.0,3,3,2,0,9.5,607349.0
500.0,3,2,52,2,7.4,152532.0
2455.0,2,1,30,1,3.7,379384.0
2548.0,1,3,68,1,6.2,520617.0
556.0,1,2,32,0,9.5,244929.0
1594.0,1,3,71,0,8.3,350994.0
1577.0,3,2,49,0,7.7,350594.0
955.0,4,3,15,0,7.6,269773.0
1333.0,3,1,75,2,2.6,251860.0
1134.0,4,1,76,2,8.4,263158.0
2851.0,2,3,38,1,3.5,525185.0
2361.0,5,2,45,2,9.4,538111.0
2563.0,4,3,46,1,4.3,484564.0
2233.0,1,2,43,1,8.7,436775.0
1123.0,3,3,8,2,3.4,252701.0
1485.0,2,2,49,1,5.6,323803.0
2094.0,1,1,76,0,2.0,304654.0
1067.0,2,3,59,1,6.9,276104.0
2228.0,5,1,14,0,8.5,509992.0
1656.0,3,1,35,2,7.5,331943.0
1575.0,3,3,62,2,5.7,369685.0
2227.0,5,3,68,1,1.4,373780.0
2067.0,3,2,79,0,9.4,465039.0
1583.0,4,2,40,1,7.3,327546.0
2496.0,2,1,73,2,7.7,485857.0
1151.0,1,2,23,1,8.2,328576.0
2170.0,5,2,48,1,7.7,435826.0
2156.0,4,3,17,0,5.0,436348.0
1614.0,1,2,6,2,7.6,368892.0
1996.0,1,1,3,1,6.6,443911.0
1049.0,5,2,68,0,8.7,305014.0
2354.0,4,1,59,1,8.2,519266.0
1689.0,1,3,54,0,1.4,279818.0
1486.0,1,1,15,0,4.4,315411.0
2429.0,4,2,28,1,1.3,452998.0
1377.0,3,3,22,2,1.9,303650.0
955.0,1,2,13,2,6.4,263424.0
866.0,2,3,78,0,8.9,238212.0
2164.0,4,3,48,2,2.1,395324.0
1032.0,1,2,32,0,5.1,256973.0
2853.0,5,2,24,2,9.2,603548.0
551.0,2,3,20,1,8.3,265861.0
2818.0,1,3,16,2,5.7,559102.0
1927.0,2,2,22,0,7.9,399221.0
1742.0,2,1,56,0,5.7,345148.0
1473.0,3,2,57,2,2.4,275248.0
2039.0,2,3,13,1,2.1,371599.0
1777.0,3,2,19,0,2.7,343028.0
2462.0,4,1,29,0,4.2,439680.0
1869.0,3,2,18,0,9.4,460694.0
1890.0,5,3,52,0,8.2,436685.0
1582.0,1,2,55,0,4.9,260455.0
1766.0,4,3,76,1,5.4,356189.0
1985.0,4,3,22,2,3.4,399892.0
774.0,5,2,61,1,7.3,263262.0
991.0,3,3,32,1,8.2,334431.0
2246.0,1,3,17,0,3.2,401821.0
1903.0,3,1,72,1,1.4,270689.0
1690.0,2,1,32,0,6.6,313063.0
1811.0,3,1,31,1,6.1,359447.0
2009.0,4,1,60,0,4.6,358488.0
1476.0,1,3,53,0,6.8,291466.0
1333.0,3,2,16,1,6.0,352814.0
1918.0,1,3,18,1,3.3,378609.0
1213.0,1,3,69,2,4.6,248429.0
2045.0,2,3,33,2,4.9,416721.0
778.0,2,2,24,2,8.9,291052.0
2417.0,4,1,67,1,9.6,519573.0
2084.0,5,3,73,1,9.0,491914.0
1954.0,1,3,73,0,7.5,383003.0
2390.0,5,1,10,2,6.3,504868.0
2799.0,4,3,15,0,7.2,588267.0
2409.0,1,2,60,0,9.5,482504.0
695.0,1,3,79,0,3.2,155679.0
1032.0,5,3,6,0,5.8,343962.0
1425.0,3,1,15,2,7.2,366465.0
1816.0,2,3,15,0,7.1,396342.0
2111.0,3,3,39,1,3.3,413157.0
1365.0,5,2,11,1,6.3,369684.0
1912.0,2,1,34,1,8.2,391256.0
1347.0,3,1,20,2,5.3,322716.0
1433.0,2,2,49,0,8.1,324254.0
956.0,1,3,42,2,4.2,248037.0
1246.0,3,1,16,0,9.4,364348.0
989.0,2,1,31,2,5.8,256203.0
1214.0,2,3,40,2,6.4,310588.0
2432.0,2,3,5,0,1.3,378727.0
1230.0,3,1,26,2,2.5,219384.0
3379.0,4,3,19,0,6.7,656890.0
2096.0,3,1,24,1,4.8,446866.0
1911.0,5,3,65,1,5.6,414354.0
1285.0,3,3,8,1,1.6,321200.0
2220.0,2,2,52,2,8.5,473111.0
1455.0,1,3,60,1,8.1,340330.0
1873.0,3,2,37,0,2.7,375032.0
3336.0,3,3,2,1,6.7,661462.0
1742.0,2,1,69,1,8.4,340965.0
2490.0,1,1,54,2,6.8,471669.0
1378.0,1,3,0,0,3.8,335681.0
1779.0,5,3,69,2,6.9,382577.0
2862.0,3,1,44,2,2.9,500310.0
1424.0,1,3,46,0,3.9,276406.0
2887.0,1,2,78,2,3.2,473414.0
2225.0,4,2,25,0,6.0,467721.0
1463.0,4,2,13,1,2.0,290231.0
2179.0,1,2,53,0,9.4,454859.0
2384.0,5,2,70,0,4.0,416723.0
2173.0,1,3,45,0,3.0,381493.0
858.0,2,3,30,2,5.5,229562.0
1364.0,3,2,58,0,3.5,243375.0
1651.0,5,3,28,0,5.8,378186.0
1755.0,2,3,16,0,4.1,374342.0
2172.0,5,2,13,1,2.2,382901.0
1907.0,2,3,35,0,3.4,358211.0
999.0,3,3,57,2,4.9,232703.0
2028.0,3,3,23,0,1.3,354622.0
2166.0,4,2,62,0,7.9,433885.0
2136.0,2,3,24,1,6.6,462992.0
2448.0,4,1,58,0,6.4,457126.0
2300.0,2,1,31,2,5.9,466760.0
2076.0,4,2,17,0,6.3,458462.0
1758.0,3,1,36,2,9.4,385637.0
803.0,5,2,25,1,1.1,162670.0
2058.0,4,1,8,0,1.4,363391.0
1925.0,2,1,63,1,2.7,312070.0
1963.0,2,1,71,0,2.5,281433.0
1034.0,3,2,19,2,2.6,271953.0
1151.0,2,2,53,1,7.0,303635.0
2432.0,1,3,29,0,5.1,421495.0
1776.0,5,2,52,2,9.9,458366.0
2209.0,4,1,62,1,3.0,376220.0
1817.0,5,1,10,0,3.8,404608.0
1818.0,3,2,30,1,9.9,411303.0
2363.0,4,2,48,0,8.5,550829.0
1490.0,4,2,18,2,5.2,334505.0
1858.0,1,3,11,2,6.0,425185.0
1523.0,3,1,14,1,8.6,372865.0
1539.0,2,3,30,1,5.3,335424.0
1614.0,1,3,42,0,2.9,253152.0
1933.0,1,1,36,2,8.5,449954.0
1513.0,5,1,78,0,5.8,297371.0
2553.0,5,2,28,2,2.4,467237.0
1263.0,5,2,25,1,5.6,380551.0
1688.0,1,3,1,0,4.7,391150.0
1536.0,2,2,14,0,8.9,375889.0
2668.0,4,2,3,2,2.1,482589.0
1918.0,5,1,49,2,8.9,452138.0
2419.0,2,1,37,2,5.6,476683.0
909.0,3,2,22,1,4.6,286100.0
1960.0,5,1,58,0,2.5,296298.0
2334.0,4,2,74,2,7.3,486653.0
1849.0,3,1,27,1,9.3,460116.0
2439.0,3,1,65,2,4.4,407832.0
1490.0,4,1,7,0,3.2,300452.0
2646.0,5,1,28,2,6.0,487590.0
3179.0,1,2,10,0,8.2,610864.0
1582.0,4,3,17,1,1.0,319056.0
1533.0,4,1,54,1,6.7,376794.0
2672.0,4,2,49,2,6.4,567293.0
2748.0,3,2,13,0,3.9,481980.0
1486.0,2,1,73,0,5.1,304931.0
1548.0,1,3,8,0,3.2,269390.0
1631.0,5,1,10,2,8.1,407651.0
993.0,5,2,62,0,6.7,256516.0
1249.0,2,3,75,0,5.8,272532.0
1198.0,4,2,66,0,4.5,253481.0
1339.0,1,1,52,0,3.6,242778.0
1779.0,5,3,38,2,8.4,445974.0
1941.0,5,2,77,2,5.1,405409.0
2730.0,4,2,55,0,5.5,521536.0
1201.0,2,2,27,0,5.7,276621.0
2391.0,1,1,74,1,5.0,421978.0
1672.0,2,3,38,1,3.3,379624.0
1770.0,2,1,24,0,2.1,288763.0
2205.0,1,1,20,0,1.9,404920.0
1126.0,1,1,9,1,7.8,290426.0
2029.0,5,3,42,1,3.0,433251.0
1900.0,5,1,14,0,1.5,334648.0
2095.0,1,1,47,2,8.2,450527.0
1974.0,3,1,20,2,2.4,368314.0
3273.0,5,1,59,0,6.6,550540.0
1417.0,3,2,49,0,4.0,330009.0
1481.0,1,1,22,1,2.1,240299.0
1426.0,5,2,12,1,4.7,313532.0
1467.0,2,1,68,2,1.1,206620.0
1418.0,1,3,3,0,8.6,446057.0
2513.0,4,2,77,1,5.6,430391.0
2652.0,3,2,71,2,2.3,439288.0
1458.0,1,2,8,2,3.1,275146.0
1301.0,1,2,34,2,5.0,263572.0
2083.0,5,3,20,1,2.7,378939.0
1469.0,5,1,57,1,3.4,291840.0
2180.0,5,2,17,0,5.8,460475.0
1922.0,4,3,71,0,8.5,398581.0
891.0,5,2,42,2,4.6,267061.0
2729.0,1,1,5,2,7.5,573535.0
2878.0,5,2,77,1,8.9,583562.0
1432.0,2,3,66,1,2.9,293516.0
1567.0,5,1,11,0,8.3,393553.0
1972.0,4,3,11,0,7.8,480237.0
2001.0,2,1,65,0,4.2,330659.0
2195.0,1,1,1,1,9.9,465371.0
3006.0,1,1,14,2,3.4,527647.0
1694.0,3,2,22,0,3.3,337840.0
1321.0,2,3,28,0,8.0,346253.0
972.0,3,3,6,1,4.9,290087.0
1361.0,2,3,27,0,4.0,329571.0
1780.0,2,1,13,2,2.6,330628.0
2877.0,4,2,43,1,7.9,553501.0
1489.0,3,1,29,0,8.1,351175.0
1934.0,4,3,31,0,6.1,421406.0
1790.0,2,2,69,1,9.6,428149.0
2513.0,1,2,5,1,3.9,471574.0
3316.0,2,2,26,0,3.0,532568.0
1481.0,4,3,23,2,7.1,410416.0
1506.0,3,2,33,1,7.8,387064.0
2426.0,3,2,39,2,3.0,440814.0
2209.0,4,1,46,0,1.7,387619.0
2908.0,3,1,78,2,8.3,574114.0
2150.0,5,2,74,0,9.8,464745.0
1584.0,1,2,23,0,6.8,330790.0
2154.0,1,1,64,0,3.5,344174.0
2465.0,1,1,17,0,10.0,539149.0
2292.0,3,1,43,2,9.0,490401.0
2104.0,3,3,75,0,5.6,375250.0
2440.0,2,3,56,0,8.4,503686.0
2502.0,2,1,27,2,8.3,467935.0
2629.0,1,2,70,1,9.4,509481.0
2189.0,5,1,22,2,8.6,524588.0
1700.0,2,3,33,2,6.8,417092.0
1888.0,2,2,10,2,6.5,330466.0
2524.0,3,3,34,0,5.2,484664.0
1310.0,5,2,41,0,6.6,342233.0
2021.0,1,3,27,0,8.2,418533.0
1564.0,2,2,77,1,9.7,355521.0
1817.0,5,2,23,0,5.2,426464.0
2567.0,5,2,7,1,6.2,529800.0
1915.0,1,2,52,0,5.0,392614.0
1828.0,5,3,71,2,7.0,392096.0
984.0,5,3,3,0,6.7,356499.0
2248.0,5,2,4,1,1.2,422209.0
2187.0,2,2,48,1,5.9,401792.0
3098.0,1,3,29,0,1.8,547769.0
1615.0,5,2,71,2,1.2,249900.0
1931.0,5,2,62,0,8.1,406036.0
1950.0,2,2,46,0,3.3,357810.0
2746.0,1,1,25,0,4.1,474980.0
1743.0,3,2,56,2,1.6,307124.0
1967.0,2,1,36,1,2.6,330337.0
2165.0,1,2,6,2,7.9,452282.0
1912.0,5,3,39,1,5.4,402915.0
1532.0,1,1,38,1,8.9,392321.0
1916.0,1,1,61,1,4.6,299871.0
2444.0,1,2,77,2,3.4,441413.0
1184.0,3,2,52,0,4.1,253836.0
1880.0,1,1,3,0,7.4,395871.0
1380.0,3,3,24,0,6.0,287664.0
2517.0,5,3,6,0,9.1,539053.0
886.0,3,2,27,0,6.4,246709.0
1465.0,5,3,68,2,5.4,322928.0
2026.0,5,3,66,2,8.1,463169.0
2739.0,3,2,19,2,9.5,641593.0
1761.0,2,3,10,2,4.2,396562.0
1467.0,4,2,66,2,3.2,280748.0
2929.0,1,1,6,2,6.5,595115.0
931.0,4,2,22,2,5.5,276193.0
500.0,1,1,60,0,9.9,235533.0
2064.0,1,1,70,1,5.2,340218.0
1499.0,5,3,33,2,1.7,282755.0
1187.0,1,3,18,1,9.8,310626.0
2225.0,1,3,57,2,8.6,470401.0
1946.0,3,2,8,2,2.6,353740.0
1462.0,4,3,47,0,9.1,355535.0
1032.0,3,1,40,1,4.1,251621.0
2323.0,1,3,47,0,4.4,377779.0
2190.0,5,3,44,0,9.2,509270.0
1740.0,3,2,24,1,5.8,380359.0
2908.0,3,2,77,0,2.2,458499.0
1158.0,2,1,24,2,4.3,293918.0
885.0,1,2,18,2,7.5,254144.0
1385.0,5,3,38,2,2.6,338467.0
1773.0,3,2,78,2,6.3,314173.0
1946.0,3,1,79,2,7.3,401831.0
1655.0,5,3,26,0,4.1,401818.0
2011.0,1,1,73,0,7.2,270608.0
1049.0,2,2,62,2,9.0,293245.0
2666.0,3,2,67,2,5.2,482156.0
1751.0,2,1,18,0,4.4,344695.0
2470.0,4,3,27,1,3.3,514652.0
2006.0,1,2,77,0,6.4,348722.0
2074.0,4,2,32,0,8.9,445675.0
2142.0,4,3,9,0,3.9,442886.0
2069.0,4,2,29,0,4.6,439693.0
2186.0,1,1,21,0,4.7,414905.0
2597.0,1,2,2,1,6.0,517591.0
1918.0,5,2,74,2,3.1,344591.0
2225.0,2,3,47,2,8.4,436036.0
1746.0,2,1,1,1,3.7,364677.0
2664.0,5,3,75,2,7.3,555468.0
1394.0,5,2,53,2,5.6,309700.0
2881.0,4,2,5,2,6.3,578563.0
1776.0,5,3,39,1,2.6,330227.0
942.0,3,3,1,1,7.6,342361.0
1877.0,2,3,72,2,2.7,319247.0
1391.0,5,1,1,2,2.0,298492.0
2304.0,3,2,73,2,5.9,451791.0
1408.0,3,3,54,0,7.4,346993.0
1532.0,3,2,71,0,1.5,256880.0
666.0,3,1,59,0,1.6,117481.0
1529.0,4,1,5,1,8.2,403582.0
500.0,3,1,18,2,8.3,237510.0
850.0,4,1,26,1,3.2,216088.0
2256.0,4,2,0,1,6.5,511031.0
2271.0,3,1,32,1,5.0,401334.0
2055.0,2,1,39,2,6.7,402575.0
1220.0,3,3,31,0,8.8,344577.0
1771.0,3,1,68,2,1.7,296382.0
1798.0,3,3,16,2,8.0,488839.0
1105.0,2,1,7,1,5.4,255376.0
2702.0,1,1,56,1,6.1,499629.0
2326.0,1,3,41,1,6.9,455220.0
1667.0,4,1,8,0,9.3,461530.0
1816.0,4,2,34,0,1.5,371686.0
1925.0,2,2,70,0,1.3,248033.0
575.0,5,1,78,2,2.6,118751.0
1652.0,1,2,52,1,9.9,333568.0
1391.0,4,3,53,2,7.4,315511.0
1199.0,1,1,24,0,6.5,237943.0
1631.0,2,1,66,1,1.4,262853.0
2879.0,2,3,61,0,8.9,579596.0
2185.0,5,3,54,1,8.3,511229.0
1457.0,5,3,45,1,7.0,384540.0
2144.0,2,1,23,2,4.1,416042.0
2640.0,4,3,45,2,1.6,467257.0
2355.0,1,3,21,0,6.2,470450.0
1836.0,3,2,10,2,7.5,465015.0
1412.0,5,2,47,2,1.8,278205.0
2219.0,3,1,7,2,6.7,488928.0
2036.0,4,2,38,1,3.6,332416.0
2337.0,5,2,34,2,7.9,488164.0
2181.0,3,3,48,0,5.9,461119.0
2430.0,4,3,45,1,2.2,418169.0
1479.0,1,2,37,1,5.7,281425.0
2590.0,4,2,7,2,4.6,535422.0
1919.0,5,2,53,1,2.6,354765.0
3045.0,2,1,36,0,8.6,574405.0
1386.0,1,1,39,0,1.1,250990.0
2842.0,3,1,33,1,3.8,532410.0
1919.0,5,2,78,2,1.1,313416.0
1409.0,2,2,16,2,1.9,296593.0
1510.0,4,1,32,1,3.7,249991.0
1608.0,2,1,46,0,1.5,282029.0
2054.0,5,2,51,1,6.4,405755.0
2114.0,5,3,79,2,1.8,332278.0
1456.0,2,1,8,2,7.3,317067.0
1785.0,4,2,32,1,1.5,279751.0
3085.0,2,2,59,0,1.5,505619.0
2837.0,5,3,76,1,3.7,518676.0
2062.0,5,2,20,0,9.1,474160.0
1823.0,3,2,57,0,6.8,398781.0
1872.0,3,1,68,1,7.9,372496.0
2168.0,1,1,9,1,2.3,386217.0
1186.0,5,3,5,0,8.5,365498.0
1646.0,3,3,12,0,1.1,310337.0
799.0,2,2,64,0,2.9,129685.0
2040.0,4,1,19,0,6.5,413907.0
2188.0,2,3,56,2,4.4,426708.0
1510.0,4,3,45,1,9.9,429999.0
2744.0,3,3,7,0,1.3,474802.0
1065.0,1,2,9,1,10.0,302153.0
921.0,2,1,72,0,6.6,269577.0
1935.0,2,3,66,1,6.0,386744.0
2428.0,2,1,10,1,1.5,421077.0
2810.0,4,3,11,0,3.5,501120.0
1525.0,3,3,9,0,9.3,451711.0
2447.0,2,1,24,1,4.2,478902.0
1777.0,2,1,48,1,7.0,323757.0
1696.0,1,1,48,1,10.0,389436.0
2330.0,1,2,10,2,3.4,431533.0
2191.0,3,3,61,0,6.2,492391.0
854.0,3,2,35,2,7.3,305234.0
2686.0,5,1,38,2,2.5,437444.0
2628.0,1,3,52,0,2.3,413478.0
1425.0,5,2,77,0,5.1,270376.0
2037.0,4,3,55,2,4.5,417999.0
2096.0,5,2,0,0,7.4,529187.0
1956.0,2,1,55,1,1.6,310574.0
1470.0,5,2,3,1,9.7,446844.0
1397.0,3,3,29,2,1.1,258674.0
1785.0,4,3,11,2,6.4,447473.0
2504.0,2,3,34,0,6.1,479503.0
2126.0,5,3,76,0,2.2,326292.0
1578.0,4,1,51,2,2.4,297990.0
2263.0,4,2,30,2,8.1,505218.0
500.0,2,1,67,1,9.0,162791.0
2489.0,5,1,51,1,3.5,484931.0
756.0,4,1,79,0,4.9,149190.0
1583.0,4,3,6,1,4.2,384732.0
1128.0,1,3,21,0,1.7,212160.0
1023.0,4,3,74,0,7.1,306751.0
2496.0,1,2,55,0,8.4,482936.0
1519.0,5,3,57,1,3.7,278600.0
2008.0,5,2,63,2,9.9,495709.0
1772.0,5,3,11,2,1.7,408706.0
2086.0,3,3,6,1,7.0,467785.0
1846.0,5,1,54,2,5.0,390197.0
1030.0,4,1,61,0,5.0,228258.0
2398.0,2,1,72,2,5.1,409278.0
1504.0,1,2,76,1,3.3,273703.0
866.0,3,2,54,2,7.4,238308.0
1543.0,5,3,35,0,7.5,392695.0
2700.0,5,2,23,0,3.5,510226.0
2310.0,2,3,43,1,8.5,503414.0
1591.0,2,2,16,1,3.9,310210.0
1590.0,3,2,1,1,7.5,456145.0
1607.0,1,2,12,0,2.1,326344.0
3046.0,5,1,30,2,2.5,559442.0
2029.0,3,2,27,2,3.8,436237.0
2058.0,4,1,59,1,6.3,408396.0
2418.0,4,1,26,2,6.8,490787.0
1943.0,3,2,14,2,4.6,381573.0
1645.0,5,3,78,1,1.7,274209.0
1682.0,3,3,32,1,4.4,332819.0
1757.0,5,3,19,0,7.2,419137.0
1778.0,2,2,41,0,7.0,386346.0
2237.0,3,3,11,0,2.4,446164.0
1831.0,5,1,72,0,1.1,307285.0
2240.0,3,3,22,2,7.8,477702.0
1752.0,3,2,71,2,2.0,312523.0
1847.0,5,3,13,0,1.7,397391.0
601.0,5,1,24,0,1.0,131971.0
2350.0,1,2,76,1,4.9,433014.0
2008.0,3,3,30,2,5.5,454020.0
2399.0,4,2,53,2,6.7,454891.0
500.0,3,2,4,0,3.7,229562.0
3053.0,3,2,12,2,7.4,601370.0
1716.0,5,3,27,1,2.5,379632.0
2465.0,3,2,42,1,8.5,540486.0
1176.0,3,3,46,2,6.1,273208.0
2168.0,4,1,70,0,6.3,411449.0
1168.0,5,3,37,2,2.9,299635.0
1426.0,3,1,66,1,1.7,197200.0
2948.0,2,3,61,0,5.2,525691.0
1686.0,1,2,38,2,6.5,389363.0
1930.0,4,3,36,0,1.9,383031.0
2322.0,3,2,7,0,9.6,524101.0
2097.0,2,1,51,1,9.8,493777.0
1890.0,3,3,32,0,5.9,439212.0
2019.0,3,2,41,2,9.6,479337.0
3242.0,5,1,75,0,2.6,501059.0
1765.0,5,1,26,0,1.2,285300.0
1921.0,5,3,7,2,1.4,400258.0
2430.0,2,1,22,1,6.3,511886.0
2463.0,3,2,63,1,1.6,392740.0
2512.0,1,1,19,2,9.6,516559.0
2183.0,4,1,15,2,2.3,426270.0
1114.0,5,2,16,1,3.7,284830.0
2780.0,5,1,79,0,8.4,544746.0
1112.0,3,1,18,2,3.0,231827.0
1982.0,3,1,7,0,3.2,366192.0
1347.0,2,1,37,2,6.8,300977.0
1762.0,2,2,37,1,3.5,345378.0
1997.0,5,1,52,0,3.0,345859.0
1993.0,3,2,30,0,3.3,387047.0
2053.0,1,1,43,2,5.4,371276.0
2768.0,4,1,59,0,9.7,569895.0
2072.0,3,1,75,2,8.5,443765.0
1654.0,3,1,16,1,3.6,338937.0
2378.0,2,2,78,0,4.3,421349.0
2514.0,4,2,72,2,5.2,453125.0
1063.0,5,2,38,0,9.8,357587.0
2158.0,3,3,41,2,2.6,407072.0
2221.0,5,1,47,2,4.2,402522.0
1621.0,3,1,11,2,7.6,348216.0
2625.0,5,2,17,1,9.7,553017.0
1710.0,4,3,78,0,2.4,242902.0
1875.0,2,1,5,1,3.0,367651.0
1696.0,4,2,42,2,3.0,326173.0
1809.0,1,1,34,2,1.2,296208.0
1142.0,2,1,53,1,6.4,254981.0
936.0,4,2,61,1,7.0,273682.0
2757.0,1,2,68,0,6.4,502719.0
1292.0,3,1,15,2,1.6,255475.0
1205.0,3,1,7,1,1.6,244106.0
508.0,5,2,30,2,2.9,175181.0
1417.0,2,1,9,2,3.6,334278.0
1006.0,3,1,55,0,8.1,213990.0
2785.0,2,2,75,0,2.4,417536.0
2406.0,3,1,69,0,1.4,384268.0
1387.0,5,1,19,1,4.5,346752.0
3151.0,4,3,4,2,4.7,631412.0
2389.0,5,2,22,1,5.1,482028.0
1605.0,1,3,8,1,8.4,457536.0
500.0,3,3,57,0,1.9,122076.0
3175.0,1,3,58,2,7.3,596587.0
966.0,1,1,79,2,4.0,207656.0
813.0,2,1,53,0,3.8,176250.0
2414.0,3,3,45,2,9.4,562420.0
3264.0,1,3,21,0,3.2,591745.0
2631.0,4,3,63,1,6.8,510615.0
2138.0,1,1,7,1,3.5,437487.0
2157.0,4,3,19,0,5.6,398239.0
2312.0,2,3,50,1,8.1,436466.0
2255.0,1,2,77,1,8.9,431731.0
1969.0,5,2,38,0,8.5,446547.0
1863.0,2,1,36,1,6.2,387238.0
1762.0,4,2,49,2,3.2,324521.0
1348.0,2,2,33,1,7.0,325712.0
1632.0,1,2,74,0,7.4,323248.0
784.0,3,1,32,2,1.1,206589.0
1741.0,3,2,30,2,5.0,351318.0
1207.0,4,1,53,1,8.6,275391.0
1138.0,4,3,43,2,5.4,325346.0
1908.0,3,2,33,0,3.8,346977.0
2635.0,4,1,70,2,8.8,525681.0
2351.0,2,2,61,1,2.4,369738.0
858.0,5,3,22,1,2.9,254354.0
1206.0,5,1,45,2,7.2,282372.0
2364.0,2,1,55,0,4.2,331268.0
1211.0,5,1,6,0,7.4,372426.0
1665.0,1,3,60,1,2.4,294260.0
2130.0,2,3,2,1,3.3,451777.0
1219.0,4,3,37,0,2.4,288952.0
1863.0,2,1,33,2,9.6,413815.0
1000.0,3,3,43,2,4.6,258784.0
1439.0,4,2,29,2,4.0,333836.0
1992.0,3,3,16,2,1.1,372190.0
844.0,4,1,58,0,2.4,152138.0
2064.0,5,2,9,1,4.8,438955.0
1788.0,2,3,17,1,1.6,363969.0
2131.0,1,2,44,2,5.6,405999.0
1934.0,4,2,58,0,5.1,391185.0
2618.0,4,1,61,0,7.9,515213.0
1875.0,3,2,58,2,6.9,374839.0
1542.0,5,2,48,2,5.0,351706.0
1873.0,3,1,62,2,3.0,286269.0
2126.0,3,1,31,1,7.5,459259.0
1829.0,5,1,9,2,7.4,464037.0
1824.0,1,2,10,1,2.4,367384.0
1379.0,3,2,69,0,9.2,314295.0
1402.0,3,2,61,0,1.6,219830.0
958.0,4,1,46,1,1.5,186497.0
2850.0,5,3,33,1,2.7,511456.0
1054.0,2,2,16,1,9.2,280808.0
1384.0,1,3,53,1,5.7,286896.0
1369.0,1,1,75,2,8.1,305720.0
2337.0,5,2,39,0,3.1,455790.0
1623.0,4,3,18,2,5.4,432465.0
2549.0,4,2,66,1,4.2,457990.0
1396.0,5,2,52,2,8.5,384705.0
1967.0,4,2,63,2,1.2,354781.0
1299.0,1,3,46,0,3.2,198674.0
3087.0,1,1,5,2,2.4,501181.0
1087.0,2,2,15,0,8.7,324671.0
1986.0,5,1,71,1,5.2,416101.0
2180.0,3,1,17,2,4.6,446754.0
2048.0,3,3,51,1,5.0,416365.0
1689.0,2,3,47,0,9.7,408231.0
1722.0,2,1,42,1,8.7,399172.0
1826.0,4,2,38,1,7.4,400992.0
1712.0,2,3,48,0,3.6,305089.0
2378.0,2,2,11,1,2.5,413924.0
3126.0,3,2,9,1,9.3,688653.0
1466.0,4,2,70,1,4.8,276935.0
978.0,2,1,54,2,3.5,186180.0
1747.0,2,2,0,1,5.2,398404.0
3348.0,4,1,48,0,9.3,624679.0
1318.0,5,1,35,2,4.5,306577.0
2783.0,4,2,20,2,6.1,566122.0
2807.0,3,2,36,0,8.2,547982.0
1468.0,5,2,23,1,4.8,337970.0
2141.0,1,2,54,2,3.1,344947.0
2777.0,4,1,24,2,10.0,637186.0
1573.0,3,2,6,2,9.6,441655.0
1678.0,5,2,70,1,8.6,368331.0
1451.0,4,1,70,2,7.2,328737.0
1191.0,2,3,23,0,3.7,271369.0
1410.0,4,3,10,1,9.2,359795.0
1066.0,1,1,72,0,3.5,207957.0
1820.0,4,3,11,0,8.2,430637.0
1338.0,5,1,34,2,9.3,428723.0
1940.0,5,2,62,2,6.4,433729.0
866.0,4,2,67,2,8.2,239611.0
1999.0,5,3,56,0,8.1,445002.0
2300.0,2,2,12,1,2.7,445559.0
604.0,4,3,22,2,7.0,252190.0
2024.0,2,3,38,2,1.8,394339.0
2537.0,2,2,79,0,5.6,431448.0
1074.0,3,2,11,1,2.5,241267.0
2804.0,4,3,33,0,4.7,557092.0
2051.0,5,2,70,2,8.5,470249.0
1377.0,2,1,74,0,9.9,300486.0
1767.0,3,2,30,2,3.9,369757.0
2135.0,4,2,61,1,5.8,424450.0
1846.0,4,1,12,0,5.6,372472.0
2123.0,1,2,30,2,9.6,447570.0
1248.0,1,2,1,2,5.3,261664.0
1902.0,2,3,14,2,7.3,440061.0
952.0,1,2,56,2,9.3,280057.0
1733.0,2,2,74,0,4.4,318810.0
1258.0,5,1,33,2,9.1,383547.0
1359.0,2,3,67,0,9.3,330712.0
2542.0,1,3,74,2,9.4,516611.0
2455.0,5,3,28,0,3.4,454360.0
2165.0,1,2,65,0,4.6,376051.0
1145.0,2,3,15,2,8.8,380408.0
1610.0,3,1,38,2,4.2,325139.0
2528.0,4,3,76,2,6.4,523496.0
1885.0,1,1,36,2,2.1,340686.0
3192.0,2,3,20,1,1.5,579779.0
2036.0,5,3,43,2,4.7,432849.0
1915.0,1,1,18,2,6.2,384727.0
1615.0,1,3,70,2,4.5,325725.0
1880.0,4,3,7,0,6.2,428090.0
1709.0,2,3,76,2,5.6,358760.0
2225.0,3,2,65,0,7.2,420730.0
2374.0,5,1,40,0,6.8,458080.0
1328.0,2,3,74,0,4.8,294745.0
1001.0,5,1,69,0,4.8,194049.0
698.0,1,1,60,1,2.3,142303.0
2105.0,4,1,25,2,5.6,450657.0
1138.0,4,3,70,0,6.3,279324.0
508.0,3,3,69,2,5.3,125050.0
2033.0,4,1,28,0,3.9,422684.0
3296.0,1,2,65,1,7.5,569422.0
1796.0,3,1,18,0,1.7,339962.0
2303.0,2,2,67,2,9.2,465040.0
1849.0,4,1,57,2,1.2,286272.0
1741.0,3,1,69,1,9.7,409533.0
2351.0,1,1,56,2,5.2,430797.0
1626.0,5,3,36,2,4.7,345158.0
1960.0,5,2,60,0,3.3,395604.0
1993.0,1,2,29,2,1.1,330961.0
1399.0,1,1,70,0,3.5,227692.0
2395.0,5,3,72,1,2.0,406026.0
1695.0,3,3,24,2,6.9,383560.0
1347.0,5,2,64,0,3.9,291239.0
2122.0,1,3,5,2,7.9,496094.0
1261.0,4,2,17,0,2.9,254344.0
1817.0,2,2,9,1,9.1,471471.0
1795.0,4,2,10,0,5.7,404153.0
2452.0,4,3,64,2,2.0,428898.0
2085.0,1,2,76,0,4.6,397450.0
1785.0,5,2,64,2,2.9,295260.0
2291.0,3,1,51,1,2.8,346226.0
2634.0,4,2,66,0,5.6,446778.0
2135.0,5,2,77,2,7.0,449399.0
1806.0,3,1,30,2,9.2,424024.0
1013.0,4,1,16,2,5.5,270938.0
1161.0,3,3,54,0,9.7,312768.0
1617.0,5,2,35,0,9.5,462282.0
1434.0,2,3,25,0,8.8,428953.0
1688.0,5,3,52,1,5.5,398542.0
1834.0,1,1,16,2,2.3,290638.0
2118.0,3,3,24,2,3.0,402717.0
1758.0,2,2,1,1,6.8,431977.0
2092.0,3,1,4,1,4.8,423376.0
1839.0,3,2,3,0,2.3,378776.0
615.0,4,2,35,0,5.3,231068.0
1236.0,1,1,5,0,1.2,266493.0
1714.0,3,2,20,0,7.6,386736.0
1074.0,5,1,76,0,1.7,179293.0
2160.0,5,2,25,0,6.7,456905.0
2718.0,4,1,54,1,8.1,486604.0
2531.0,1,3,38,1,2.2,449735.0
1672.0,1,2,32,1,5.7,362292.0
2694.0,5,1,13,2,8.0,564269.0
1889.0,2,2,55,2,3.3,301614.0
1598.0,4,2,20,0,2.5,307053.0
1432.0,4,2,45,1,4.0,319543.0
1619.0,5,1,15,2,6.0,418095.0
1567.0,5,3,15,2,6.2,385912.0
1902.0,2,3,28,1,2.2,381298.0
1896.0,2,3,7,2,5.1,435185.0
1802.0,1,1,2,2,3.4,362223.0
2062.0,4,3,18,1,8.6,465259.0
2514.0,4,1,65,2,3.8,407238.0
2370.0,5,2,78,1,8.5,470515.0
909.0,1,2,73,2,4.9,186656.0
500.0,4,3,21,1,7.5,290308.0
2361.0,1,1,45,2,5.6,417391.0
980.0,1,2,12,2,6.6,299627.0
1665.0,5,1,32,1,4.6,338925.0
1098.0,1,1,4,2,7.9,324015.0
719.0,2,2,76,1,4.8,163848.0
2125.0,2,1,26,1,5.1,413115.0
2255.0,3,2,77,2,5.7,430851.0
1454.0,5,2,23,0,8.5,384774.0
500.0,3,2,66,2,6.9,195578.0
1472.0,2,1,62,0,4.1,292223.0
2035.0,3,2,47,0,7.0,402303.0
913.0,5,1,62,2,6.8,282672.0
1910.0,5,2,77,0,9.4,422960.0
1791.0,1,2,11,1,8.6,417139.0
2148.0,4,3,27,1,6.8,494431.0
1872.0,1,3,43,0,4.1,342937.0
1216.0,5,3,42,1,8.0,359046.0
2518.0,2,1,16,2,6.2,503188.0
1705.0,2,1,39,1,9.9,354457.0
1784.0,1,2,48,0,3.2,319996.0
1240.0,5,2,56,2,1.7,206932.0
1534.0,2,2,63,1,1.6,216018.0
1269.0,5,2,74,2,6.8,317733.0
1696.0,2,1,56,0,9.5,392850.0
2827.0,5,2,73,1,1.0,481041.0
977.0,3,2,73,2,7.5,233874.0
832.0,5,3,69,2,6.9,242751.0
2683.0,5,2,75,1,7.6,537876.0
1674.0,1,2,42,2,4.2,355148.0
1399.0,3,2,22,2,8.4,382755.0
2424.0,4,1,26,0,1.4,385877.0
1437.0,1,3,57,0,7.8,368538.0
2896.0,4,2,36,0,3.4,506036.0
2207.0,2,2,5,0,5.3,440606.0
1507.0,4,3,64,0,8.4,333048.0
3094.0,5,2,5,0,3.4,593893.0
1437.0,4,1,49,1,2.7,287604.0
2245.0,1,2,21,0,7.1,441320.0
1980.0,1,1,24,2,5.8,440525.0
2581.0,4,1,78,1,5.6,444523.0
2737.0,1,2,71,2,3.3,463031.0
1819.0,1,3,50,0,1.3,302180.0
1348.0,4,1,47,0,4.7,228340.0
2076.0,3,3,69,2,2.0,371181.0
1393.0,3,2,64,2,9.2,366467.0
3008.0,2,1,59,2,1.4,420414.0
1882.0,1,2,45,1,4.9,395694.0
1581.0,4,3,35,0,1.5,310629.0
1911.0,1,2,57,2,1.9,343905.0
992.0,5,2,75,0,6.9,213803.0
1217.0,1,1,37,2,6.8,277054.0
2520.0,1,2,10,0,1.3,451014.0
1406.0,3,2,11,1,1.0,232025.0
1172.0,4,2,41,0,1.7,215091.0
2122.0,1,1,38,2,7.9,448066.0
2511.0,3,3,70,0,6.3,427267.0
2231.0,2,3,10,1,1.3,371817.0
2398.0,3,2,35,1,5.4,501089.0
1346.0,3,1,51,0,7.4,309707.0
947.0,3,2,30,2,8.8,339763.0
2701.0,1,3,32,1,9.4,575167.0
1606.0,1,1,12,1,3.9,377961.0
1650.0,2,3,17,0,2.2,330131.0
2597.0,5,3,40,1,3.1,518267.0
2134.0,5,1,57,1,8.0,446092.0
2074.0,5,1,55,2,9.7,482449.0
3099.0,2,2,23,2,5.2,592460.0
1414.0,5,2,72,2,3.7,306901.0
2357.0,5,3,30,0,4.9,477472.0
1834.0,3,1,54,1,3.7,330150.0
1961.0,1,1,9,0,3.3,369147.0
2717.0,1,2,59,1,6.3,506050.0
2105.0,3,3,1,1,1.1,372403.0
2123.0,3,3,14,1,3.3,428910.0
2444.0,3,2,2,2,7.0,537232.0
1581.0,1,1,42,0,1.3,218475.0
1296.0,5,2,30,0,1.7,283352.0
1173.0,3,2,69,1,3.6,239694.0
620.0,2,2,66,0,8.9,271998.0
3034.0,3,2,55,2,7.9,588668.0
1138.0,4,1,62,0,1.2,211505.0
1667.0,3,2,74,1,5.5,341097.0
1634.0,1,1,14,2,3.5,366006.0
1984.0,3,2,9,2,6.8,428784.0
2289.0,4,3,37,1,7.5,487843.0
2316.0,2,1,46,0,8.8,446736.0
1450.0,5,3,56,1,5.3,331956.0
1700.0,3,2,49,0,10.0,384892.0
1970.0,4,2,70,0,9.8,404578.0
1651.0,4,2,14,2,8.9,385175.0
2764.0,2,1,17,1,6.2,472732.0
2095.0,1,3,1,2,4.6,454528.0
2241.0,3,1,42,1,4.3,397345.0
2198.0,4,1,25,1,1.1,345452.0
2504.0,2,2,70,2,3.2,403774.0
1909.0,5,3,37,1,7.5,437533.0
1022.0,4,2,41,1,6.4,254860.0
2040.0,2,1,4,0,9.2,509628.0
1409.0,1,2,10,1,1.5,298552.0
1483.0,1,3,64,1,2.4,296899.0
2152.0,4,2,33,2,8.1,490401.0
2543.0,4,3,0,2,4.2,531856.0
1813.0,3,3,1,1,2.1,351776.0
1985.0,2,2,19,0,10.0,450939.0
2821.0,4,1,60,0,8.1,541021.0
1944.0,3,2,20,2,4.7,422157.0
3361.0,3,1,67,1,8.4,648598.0
2139.0,4,1,11,1,7.1,455328.0
744.0,1,2,21,0,8.1,217060.0
2252.0,2,1,19,0,8.3,494003.0
2029.0,2,1,0,0,1.8,313289.0
2574.0,1,2,29,2,6.6,504999.0
2204.0,4,2,23,1,1.1,392335.0
1717.0,2,2,13,2,1.4,310536.0
1065.0,4,1,35,1,9.1,280219.0
1675.0,4,3,68,2,5.7,353869.0
1290.0,3,1,74,1,7.6,331663.0
1452.0,1,3,23,0,8.5,386344.0
2153.0,4,2,59,0,9.5,504009.0
2802.0,5,3,54,0,8.8,555024.0
2037.0,1,2,76,2,5.3,375360.0
1082.0,2,2,79,0,4.0,201735.0
2067.0,3,3,23,1,2.4,396163.0
2518.0,2,2,76,2,4.6,451836.0
1434.0,2,3,23,1,4.3,322879.0
1720.0,1,2,53,2,6.0,320345.0
1809.0,2,1,25,1,7.0,405497.0
1329.0,4,1,65,1,9.8,365455.0
2189.0,2,2,79,2,7.6,463464.0
1727.0,3,2,37,2,6.8,425512.0
2052.0,3,3,64,0,4.0,388706.0
1268.0,5,1,74,0,1.3,174013.0
1538.0,3,3,50,1,3.6,272291.0
2233.0,2,2,34,1,7.9,466877.0
1576.0,3,2,42,1,2.8,322544.0
2836.0,1,3,28,2,7.4,591548.0
1560.0,3,2,36,2,6.2,365353.0
1935.0,4,1,57,0,2.5,325908.0
2360.0,1,3,53,1,3.4,459446.0
949.0,5,1,38,0,5.5,260299.0
744.0,4,1,41,2,4.8,204026.0
885.0,2,1,27,2,8.0,255061.0
2558.0,2,3,28,2,7.6,514162.0
1469.0,2,2,42,0,6.2,291624.0
3335.0,4,1,2,2,8.4,655433.0
1461.0,4,1,9,1,6.1,360002.0
1911.0,4,1,58,0,9.7,428950.0
2725.0,1,2,13,2,3.0,478567.0
3004.0,1,2,75,0,7.4,552368.0
3037.0,2,3,46,0,4.3,580907.0
2525.0,3,2,41,2,3.5,438030.0
2414.0,2,3,31,2,2.6,423861.0
2156.0,5,3,31,0,6.0,408689.0
2267.0,1,3,41,0,2.9,394683.0
1469.0,4,3,31,2,2.8,314450.0
1309.0,1,3,25,1,9.9,397404.0
1798.0,4,1,0,0,8.2,434762.0
1698.0,5,2,55,0,7.7,375998.0
1528.0,5,1,1,1,8.1,413425.0
2218.0,1,3,29,2,9.7,525206.0
2373.0,4,2,70,2,6.2,419927.0
1853.0,5,1,51,1,3.0,365062.0
2687.0,2,1,8,2,8.8,600634.0
1115.0,2,3,21,2,7.7,343403.0
1684.0,4,1,33,0,4.7,317738.0
1370.0,1,1,48,0,5.3,257867.0
680.0,5,1,0,0,4.7,254103.0
1750.0,1,1,72,1,9.4,347045.0
1727.0,2,1,52,2,4.1,334536.0
2708.0,5,3,39,2,9.7,606812.0
2178.0,1,3,44,0,9.2,477465.0
1185.0,3,1,67,0,6.7,239449.0
2912.0,4,3,8,1,6.2,606011.0
2533.0,4,3,21,2,4.3,514532.0
2149.0,3,2,17,1,1.2,342531.0
1664.0,2,1,75,2,2.1,261734.0
1224.0,5,3,42,1,7.8,364219.0
1577.0,4,3,38,0,5.2,343127.0
2453.0,3,1,72,1,2.3,326422.0
2931.0,3,2,5,1,3.4,537377.0
2726.0,2,1,47,0,9.5,578912.0
1507.0,2,2,6,2,4.3,329155.0
1128.0,1,1,79,2,9.2,311288.0
1885.0,4,1,68,0,3.7,308097.0
739.0,1,1,15,1,5.9,184151.0
1994.0,3,1,0,1,1.2,358722.0
1711.0,5,2,36,1,5.7,362804.0
1520.0,5,2,36,2,6.7,384490.0
843.0,2,3,63,1,3.1,171394.0
2108.0,5,1,61,2,6.2,461428.0
1480.0,5,2,71,1,6.8,326583.0
1098.0,5,2,60,0,7.2,290681.0
500.0,3,2,32,0,8.0,232123.0
1783.0,5,1,65,2,3.8,360462.0
2863.0,5,3,29,2,6.1,622944.0
2797.0,5,2,19,0,9.8,609955.0
1526.0,1,1,59,0,9.1,327928.0
1439.0,3,2,73,1,9.6,307163.0
2081.0,2,2,23,0,4.5,451961.0
1201.0,1,3,3,2,8.1,364005.0
1981.0,4,2,36,0,6.6,441843.0
2260.0,3,2,3,2,1.7,436610.0
2536.0,3,1,76,2,8.4,495100.0
1740.0,4,1,76,1,7.1,365354.0
1678.0,4,3,17,1,2.8,339932.0
1273.0,4,1,65,1,1.7,207194.0
1304.0,2,1,47,1,8.5,296224.0
1664.0,5,3,32,0,1.7,364600.0
2020.0,3,2,57,1,1.8,352833.0
2348.0,5,3,72,0,4.8,492727.0
1318.0,5,1,27,1,2.2,324721.0
2696.0,4,3,34,1,9.2,554383.0
1637.0,2,2,9,2,5.2,393518.0
1787.0,1,3,64,0,6.1,318763.0
1352.0,2,1,41,2,9.4,354681.0
500.0,5,1,8,1,5.8,221054.0
2330.0,2,3,59,0,4.2,384920.0
2242.0,4,2,14,1,8.2,491294.0
1631.0,1,3,56,2,5.0,339674.0
1840.0,4,2,68,0,3.9,340030.0
2110.0,1,2,21,2,7.5,430811.0
862.0,5,3,63,1,8.2,266737.0
1483.0,1,2,40,1,8.1,312981.0
2277.0,1,1,70,1,9.8,428397.0
1047.0,1,3,55,0,8.1,269028.0
1976.0,2,2,22,2,7.9,474448.0
986.0,2,1,24,2,8.7,327324.0
2080.0,5,3,5,1,1.0,450840.0
1779.0,1,1,33,2,4.3,346927.0
831.0,3,1,62,0,7.6,230322.0
2499.0,5,1,8,1,6.4,534767.0
1359.0,1,2,59,1,2.6,245798.0
1314.0,1,3,48,1,3.7,224268.0
1920.0,2,3,50,0,4.0,407740.0
2489.0,5,2,59,1,6.1,439561.0
1191.0,1,3,69,1,8.5,329361.0
1837.0,1,1,36,1,9.4,415047.0
2057.0,5,3,30,1,7.8,455619.0
2216.0,3,2,40,2,8.6,502462.0
1906.0,5,1,61,1,5.2,370589.0
1580.0,5,2,57,0,4.5,305924.0
1303.0,3,1,13,1,4.5,260596.0
1852.0,5,1,35,1,6.5,369280.0
1157.0,1,3,35,2,2.1,218007.0
500.0,5,1,78,1,6.2,154157.0
2062.0,3,2,7,2,7.0,438220.0
2342.0,4,3,25,0,5.0,474569.0
500.0,5,2,35,2,9.6,239974.0
1194.0,2,1,47,1,6.5,281639.0
2171.0,1,2,27,0,3.0,411608.0
3034.0,1,2,67,1,5.3,526503.0
1812.0,2,1,61,2,7.1,366905.0
1363.0,2,3,79,0,3.9,238597.0
1690.0,5,2,75,0,1.7,319443.0
2625.0,2,1,79,2,6.3,459465.0
1412.0,4,3,50,2,9.5,457081.0
1320.0,3,3,41,0,5.4,276182.0
1510.0,2,3,28,0,9.2,400725.0
1228.0,2,2,9,2,8.5,392047.0
1874.0,4,2,38,1,2.3,330288.0
2775.0,1,2,0,0,7.4,552921.0
1994.0,1,3,38,2,4.9,414119.0
1649.0,5,2,20,1,3.3,359769.0
1625.0,4,1,64,0,7.2,358266.0
862.0,3,2,14,0,7.7,310378.0
2330.0,3,2,3,2,2.6,437697.0
1753.0,4,3,59,1,9.2,464170.0
1692.0,3,2,60,0,7.8,327161.0
3716.0,1,1,19,1,9.4,736121.0
1979.0,3,3,9,1,3.9,442173.0
1349.0,3,1,33,0,9.5,334387.0
1544.0,4,3,47,1,4.3,296512.0
2489.0,4,3,32,0,1.5,432242.0
1868.0,3,2,60,1,7.9,414290.0
937.0,2,1,9,0,7.3,262951.0
2352.0,4,3,53,2,6.4,498597.0
1399.0,5,2,64,0,5.4,352246.0
2924.0,5,3,76,0,1.3,439021.0
2448.0,1,3,0,0,6.6,461672.0
1532.0,3,3,4,1,4.8,362081.0
2569.0,2,3,79,2,6.0,459716.0
1841.0,1,3,14,1,4.9,375858.0
2312.0,3,3,27,1,9.7,568240.0
2091.0,4,2,22,0,6.4,445565.0
1292.0,5,3,16,1,7.7,378450.0
1414.0,2,1,12,0,9.4,360967.0
2418.0,5,2,13,2,6.3,522192.0
1599.0,4,1,10,1,1.1,305211.0
1558.0,3,3,27,1,1.3,367316.0
1227.0,4,1,41,1,7.3,318046.0
2054.0,4,3,60,0,3.5,409868.0
3038.0,5,3,63,0,6.2,579103.0
1159.0,2,2,30,1,2.8,187535.0
1815.0,4,2,72,1,3.4,313887.0
2647.0,5,3,9,2,5.5,567999.0
1752.0,2,2,7,2,9.8,474020.0
2071.0,3,1,20,2,6.5,446166.0
1163.0,3,2,76,2,9.4,337973.0
2057.0,1,2,58,2,9.6,414164.0
1688.0,5,1,49,0,2.9,310272.0
2391.0,2,2,68,2,3.8,446526.0
2512.0,4,3,69,2,7.9,496325.0
3354.0,3,1,29,1,8.8,681889.0
2148.0,2,3,16,0,5.7,473185.0
1995.0,5,1,74,2,9.9,422282.0
1917.0,1,3,19,2,1.1,353304.0
1588.0,3,3,47,2,3.7,332030.0
2003.0,2,2,72,1,6.6,383581.0
1623.0,2,3,1,1,5.2,340796.0
1901.0,2,2,36,1,2.0,326526.0
2591.0,5,1,0,2,4.3,513328.0
1196.0,5,3,3,1,1.2,234989.0
2484.0,5,3,53,2,6.8,487331.0
2590.0,4,1,24,0,9.0,525686.0
1729.0,2,1,2,2,9.0,406025.0
527.0,3,3,8,1,7.3,256228.0
1435.0,5,1,75,0,5.2,307963.0
2578.0,5,2,73,2,5.6,480690.0
1786.0,2,1,33,0,2.2,322183.0
1200.0,5,1,42,0,4.1,283312.0
1497.0,4,3,73,0,2.7,272381.0
2304.0,4,2,21,2,8.4,532919.0
2128.0,5,1,69,1,9.2,454914.0
1657.0,2,2,1,2,5.8,359110.0
1580.0,2,2,65,1,7.5,325565.0
1565.0,2,2,31,2,2.1,301493.0
1247.0,1,3,15,2,6.5,325102.0
2769.0,5,1,75,2,7.3,547690.0
1607.0,2,3,0,1,5.1,327940.0
2530.0,4,1,71,2,3.2,385422.0
2713.0,3,1,47,0,8.9,500558.0
2399.0,3,3,49,2,7.7,512107.0
1541.0,2,2,12,0,9.1,363582.0
2042.0,3,2,14,1,8.4,482623.0
1785.0,3,1,52,1,9.9,435748.0
1258.0,1,3,43,2,2.7,289116.0
1995.0,4,2,7,2,1.8,423451.0
1093.0,4,2,73,2,4.0,216596.0
2513.0,1,1,45,0,2.2,351566.0
1521.0,1,1,68,1,5.7,269608.0
1921.0,3,3,18,0,6.7,458584.0
1970.0,5,1,37,0,6.2,401223.0
1645.0,3,2,10,2,3.3,348088.0
2152.0,1,2,42,2,9.2,456965.0
1515.0,4,2,19,0,1.2,325447.0
2323.0,3,2,19,0,4.1,417837.0
992.0,5,3,20,2,7.5,334595.0
1876.0,3,3,56,2,7.9,454816.0
2963.0,2,1,49,0,4.7,550518.0
1200.0,3,1,73,2,1.2,169483.0
1393.0,1,1,25,2,6.6,343459.0
2108.0,4,3,29,0,1.6,368763.0
1908.0,4,2,72,0,2.0,348552.0
2010.0,1,1,30,1,6.9,449577.0
2094.0,2,2,41,0,3.8,356173.0
2181.0,1,1,67,2,4.1,383846.0
2466.0,3,1,60,0,5.4,466424.0
2046.0,1,1,60,0,9.8,418635.0
1655.0,1,1,69,0,9.7,372114.0
2204.0,2,1,77,1,4.7,389127.0
2940.0,3,2,67,1,3.4,542473.0
1720.0,5,1,16,2,3.7,315838.0
1215.0,5,2,18,1,3.4,287780.0
2464.0,4,3,50,0,5.8,453234.0
1728.0,1,1,69,1,6.5,327237.0
500.0,4,2,62,0,5.4,142814.0
2308.0,2,3,74,1,4.7,408774.0
1479.0,5,3,79,1,2.9,262290.0
1746.0,1,3,29,1,5.3,372674.0
1999.0,2,2,24,0,4.1,408574.0
1914.0,2,1,74,1,5.9,340742.0
2226.0,1,1,70,0,7.1,439767.0
1539.0,2,2,25,0,6.7,377402.0
2108.0,1,1,55,2,5.2,432467.0
1644.0,1,2,21,1,6.0,368192.0
2243.0,3,1,18,2,3.6,422007.0
2169.0,4,3,30,2,1.2,360025.0
1239.0,2,1,25,0,6.6,273646.0
2452.0,2,2,41,1,3.3,424838.0
1478.0,3,2,40,0,7.0,340834.0
2285.0,3,3,22,0,7.7,559689.0
2020.0,3,2,46,1,9.2,453732.0
2903.0,5,1,12,0,9.6,577974.0
1666.0,5,1,65,1,1.1,288923.0
1590.0,5,3,65,1,9.9,432424.0
1788.0,1,2,15,0,7.1,383986.0
1618.0,2,3,72,0,6.8,392181.0
2280.0,4,1,27,2,1.1,346033.0
830.0,1,3,76,0,8.8,270235.0
1168.0,2,2,34,1,2.3,221333.0
1159.0,2,3,40,2,8.5,310177.0
2370.0,3,2,76,1,1.1,425839.0
2826.0,3,2,30,2,6.8,580578.0
1737.0,1,1,31,0,4.9,322037.0
1699.0,3,1,53,0,2.8,282540.0
1842.0,2,1,71,0,2.0,283911.0
2497.0,3,2,58,1,5.0,445037.0
1244.0,5,3,40,2,2.1,306675.0
1943.0,3,2,65,1,5.4,376316.0
2385.0,2,1,53,2,6.6,480211.0
2101.0,1,1,39,0,8.4,435794.0
1914.0,4,3,27,1,7.1,467826.0
2401.0,3,1,36,0,1.6,424734.0
500.0,2,1,64,1,3.8,156327.0
2207.0,4,1,73,0,3.6,382760.0
1408.0,4,3,54,1,9.2,358799.0
702.0,5,2,3,1,8.8,300679.0
2107.0,4,1,9,2,4.3,429125.0
2624.0,2,3,46,0,1.6,419105.0
1718.0,2,1,74,2,9.0,355630.0
2372.0,3,3,13,2,9.0,556627.0
2767.0,3,1,37,0,8.7,527313.0
2589.0,3,3,11,1,8.6,545193.0
2784.0,4,1,44,2,5.3,475870.0
2245.0,4,2,16,0,2.6,430953.0
1845.0,5,1,79,1,5.3,359581.0
839.0,3,3,34,2,5.5,244277.0
1652.0,1,1,65,2,5.4,333851.0
1294.0,5,2,74,2,5.8,273672.0
3103.0,1,1,40,1,3.3,518690.0
1694.0,4,3,66,2,4.3,347167.0
1874.0,5,3,28,1,4.9,395787.0
2131.0,5,2,17,2,2.2,402421.0
1826.0,2,3,19,0,5.1,372961.0
2817.0,4,1,13,2,8.3,598887.0
1426.0,4,1,33,0,8.5,373185.0
1917.0,5,1,48,0,4.7,361016.0
1355.0,4,3,53,0,5.7,296014.0
1008.0,5,1,30,1,1.3,208171.0
1433.0,2,1,57,0,7.1,262095.0
1778.0,5,1,41,2,4.6,368347.0
1542.0,4,2,57,1,5.0,361947.0
1385.0,4,3,29,0,8.9,367829.0
956.0,5,3,24,1,5.2,279158.0
1750.0,5,3,62,1,1.2,338395.0
897.0,5,2,18,1,3.0,254753.0
2256.0,3,3,71,2,5.3,434360.0
1849.0,4,2,7,0,4.8,398650.0
925.0,4,2,2,1,8.7,299481.0
1614.0,3,3,66,1,5.9,355839.0
1349.0,5,1,16,1,7.2,322022.0
1992.0,2,1,13,0,5.2,343055.0
2604.0,5,3,8,1,5.0,565797.0
675.0,5,3,61,1,5.0,219358.0
1869.0,3,2,20,2,4.7,416820.0
1704.0,4,3,75,0,5.8,332884.0
2203.0,5,2,36,2,3.3,438090.0
1928.0,4,3,10,0,9.0,473503.0
1349.0,1,1,19,0,4.0,258908.0
1609.0,4,1,34,0,2.3,317345.0
1322.0,2,3,52,2,1.9,245047.0
2446.0,2,2,46,2,1.1,381443.0
1813.0,5,1,74,2,4.8,314666.0
2941.0,4,2,51,2,2.7,517652.0
1764.0,5,3,7,1,1.2,385350.0
1375.0,3,3,3,1,5.7,335468.0
892.0,2,1,26,1,7.1,270987.0
718.0,5,3,43,0,1.8,152324.0
850.0,3,1,39,1,5.1,234185.0
1960.0,5,2,46,0,7.7,437454.0
2105.0,4,1,43,2,9.9,492165.0
851.0,4,1,47,0,7.0,221728.0
2337.0,4,2,51,0,3.2,422746.0
1510.0,4,1,67,1,7.4,319717.0
1888.0,1,1,10,2,6.4,392590.0
2767.0,3,3,76,2,2.9,431952.0
2338.0,3,2,72,1,8.7,457712.0
1639.0,4,1,3,2,4.8,358994.0
1265.0,1,2,75,2,9.7,326480.0
509.0,4,2,72,2,7.5,214220.0
1369.0,1,1,76,1,6.8,257294.0
1673.0,4,3,47,2,7.6,402615.0
1208.0,2,2,25,0,5.3,322857.0
1721.0,2,1,76,0,5.5,311870.0
1846.0,5,2,38,2,8.7,439007.0
1665.0,4,3,57,1,7.1,343097.0
1410.0,3,3,18,1,9.1,377880.0
1901.0,5,3,76,1,9.0,419319.0
2065.0,2,1,76,2,9.8,485248.0
1146.0,4,1,57,2,7.3,270582.0
2647.0,5,3,27,0,5.5,535471.0
1741.0,4,1,65,1,2.5,305848.0
1811.0,2,3,9,0,7.3,454386.0
2225.0,5,1,76,0,3.6,379503.0
1940.0,2,3,57,1,3.5,343830.0
2372.0,1,2,72,2,3.1,374938.0
1972.0,2,3,13,2,8.9,491492.0
1433.0,4,3,14,0,8.8,386747.0
2017.0,3,1,32,0,6.7,385512.0
1114.0,2,1,16,0,5.3,248354.0
1865.0,3,1,23,0,7.0,369994.0
1780.0,1,1,29,1,6.5,413051.0
1675.0,5,1,61,0,4.7,340507.0
1723.0,5,1,12,0,4.4,407603.0
671.0,3,2,61,2,4.4,190647.0
1471.0,5,3,46,2,6.3,404463.0
1856.0,2,3,15,2,6.8,441978.0
1896.0,3,3,65,1,5.1,392527.0
1183.0,4,2,42,1,9.7,298340.0
2559.0,2,3,7,2,1.8,445775.0
1280.0,2,2,2,2,4.1,305219.0
2382.0,2,2,11,0,4.8,461556.0
2056.0,4,2,15,0,1.2,367822.0
1412.0,1,3,77,1,4.3,275834.0
2865.0,5,2,79,1,3.5,500884.0
1084.0,3,3,58,0,5.6,281115.0
2351.0,1,3,48,2,4.0,447464.0
2400.0,3,1,62,0,7.5,489589.0
1398.0,5,1,61,1,5.6,332991.0
2635.0,4,2,48,1,2.2,455806.0
1650.0,2,2,50,0,7.8,415795.0
1973.0,2,3,32,0,1.9,384762.0
1956.0,4,2,29,0,8.6,434327.0
1719.0,1,2,58,1,9.4,400069.0
2286.0,1,3,75,2,3.9,351437.0
2276.0,3,2,14,0,9.3,476388.0
751.0,4,2,22,1,8.1,266601.0
2583.0,1,3,77,1,9.3,493433.0
803.0,4,3,44,1,7.0,251789.0
2420.0,5,1,61,0,3.1,421153.0
2476.0,2,3,78,0,9.1,527396.0
1145.0,2,1,70,2,2.7,224983.0
1554.0,2,2,14,1,2.9,321920.0
1137.0,4,3,45,0,3.4,226902.0
1671.0,4,3,63,1,3.7,316396.0
1615.0,3,3,45,1,5.6,372661.0
2268.0,2,2,55,2,7.4,438833.0
2586.0,3,1,43,0,9.3,497893.0
2637.0,2,2,74,0,1.8,415659.0
1463.0,3,2,28,1,9.6,393636.0
1674.0,3,3,61,1,9.3,402476.0
790.0,5,1,51,2,1.5,191726.0
1316.0,3,2,53,2,4.2,305935.0
2379.0,4,3,56,2,8.3,561339.0
2769.0,3,2,65,2,6.5,504680.0
1059.0,2,2,21,2,8.0,325030.0
1445.0,3,3,19,2,7.5,386023.0
1784.0,1,3,32,1,5.5,382545.0
1968.0,2,1,71,2,1.4,270619.0
1314.0,1,2,24,1,6.3,274750.0
2054.0,2,3,45,1,1.4,350717.0
1516.0,4,3,72,0,6.4,313195.0
1791.0,4,1,56,1,8.2,420410.0
2128.0,4,1,4,1,6.3,422423.0
1804.0,1,3,54,2,10.0,397521.0
1538.0,5,1,60,1,5.1,306851.0
1734.0,2,3,7,2,7.7,396175.0
1747.0,4,2,15,2,7.0,465021.0
1578.0,2,1,47,2,9.9,383369.0
1645.0,1,2,60,0,7.4,326923.0
2759.0,5,2,14,2,2.5,527521.0
2137.0,1,2,64,1,9.6,473374.0
1623.0,2,3,21,2,7.0,400931.0
2218.0,5,2,2,2,1.5,428434.0
1600.0,5,2,53,2,6.9,352741.0
2504.0,1,2,13,0,8.9,547175.0
2022.0,4,3,35,1,6.2,477586.0
1736.0,2,2,66,0,4.2,304842.0
2069.0,3,2,9,1,8.4,461698.0
857.0,3,1,48,0,8.0,251398.0
1124.0,1,3,64,1,5.9,255922.0
1084.0,2,2,56,0,2.4,163177.0
1886.0,2,1,26,2,3.3,338381.0
2840.0,1,3,74,0,7.6,570134.0
3139.0,2,3,4,0,8.3,609749.0
2183.0,4,3,70,2,3.5,386860.0
2101.0,1,3,56,2,4.3,367236.0
719.0,4,3,14,1,1.7,174678.0
1474.0,2,3,75,1,7.4,319340.0
1327.0,1,2,29,1,1.0,240592.0
1427.0,2,2,19,0,1.4,292921.0
1699.0,1,2,36,1,1.0,284737.0
1517.0,2,2,2,0,6.8,350920.0
612.0,4,1,72,0,4.8,188108.0
2249.0,4,2,40,1,3.7,370767.0
1156.0,2,3,38,1,9.2,356105.0
1944.0,1,2,25,0,2.7,318892.0
3044.0,3,2,1,2,4.5,582159.0
1248.0,4,3,22,2,9.5,405675.0
500.0,4,2,22,0,4.8,145925.0
1628.0,3,2,15,1,6.0,379685.0
2461.0,2,2,8,0,1.7,433994.0
2975.0,1,1,12,0,8.1,614882.0
1062.0,2,2,27,1,4.8,323692.0
2098.0,5,3,26,2,8.2,466148.0
1521.0,4,3,50,0,3.3,340814.0
1736.0,5,2,63,2,4.8,357152.0
3387.0,4,2,51,2,8.1,636161.0
898.0,4,2,37,1,9.8,322832.0
1952.0,5,3,64,0,1.5,308129.0
2081.0,5,3,17,0,8.3,468109.0
2451.0,2,1,62,2,3.7,370335.0
1859.0,5,1,50,2,6.0,405821.0
1985.0,2,1,8,1,3.6,387662.0
1565.0,2,3,12,2,6.5,366607.0
1961.0,2,1,39,1,4.2,397875.0
1594.0,4,2,54,0,4.0,295377.0
2173.0,4,2,78,1,1.3,377738.0
1578.0,5,3,42,2,2.3,329027.0
2026.0,4,1,43,0,9.3,435435.0
1782.0,5,2,67,1,10.0,430659.0
2476.0,4,3,32,0,8.0,502771.0
1769.0,1,1,23,1,3.6,332113.0
736.0,1,2,35,2,4.6,196521.0
2557.0,5,1,9,2,7.7,568392.0
1257.0,4,3,19,0,9.7,409012.0
1408.0,4,1,74,0,5.1,275340.0
1443.0,2,3,11,0,8.5,349668.0
2625.0,3,1,61,1,9.8,556843.0
519.0,5,2,17,2,8.9,273475.0
3683.0,3,3,62,0,3.0,561111.0
2434.0,3,3,24,0,1.1,429670.0
1934.0,5,3,11,0,5.4,448351.0
1767.0,4,1,20,1,5.8,376831.0
1971.0,5,1,24,0,2.8,365723.0
2113.0,3,2,10,0,3.6,395450.0
2187.0,4,3,63,1,7.9,480368.0
2133.0,1,3,72,1,5.2,394401.0
1854.0,5,1,49,0,3.9,325999.0
1682.0,5,1,61,0,6.6,394943.0
1709.0,4,2,48,1,6.9,366463.0
1683.0,1,2,13,2,7.9,337264.0
2480.0,1,1,0,1,2.4,422428.0
2156.0,4,3,24,2,7.7,525098.0
500.0,2,2,58,0,6.4,159360.0
2194.0,5,1,71,0,1.5,306134.0
1917.0,5,1,68,2,8.0,391379.0
1789.0,3,3,4,1,4.4,370807.0
1567.0,4,1,18,0,4.0,309853.0
2474.0,3,1,22,2,5.0,470518.0
2369.0,3,2,8,1,4.1,476957.0
1336.0,1,1,49,2,4.0,257121.0
2044.0,5,1,15,1,8.3,481135.0
1217.0,3,2,32,1,2.1,287243.0
972.0,1,3,1,1,9.7,362586.0
1424.0,4,3,13,1,6.0,386431.0
2317.0,3,2,0,2,2.6,401981.0
2372.0,5,2,57,2,2.2,400100.0
2108.0,3,3,15,2,6.3,431106.0
2235.0,4,3,78,2,6.7,434087.0
2110.0,3,3,46,2,1.5,393686.0
1415.0,5,3,43,1,3.2,297851.0
2059.0,1,3,79,0,8.2,438871.0
2280.0,5,2,13,0,1.4,434665.0
2253.0,1,1,23,2,8.7,483185.0
2513.0,2,3,54,2,6.9,529055.0
2225.0,5,3,14,0,4.9,506305.0
2011.0,5,1,71,1,4.1,375958.0
2442.0,4,1,33,2,1.2,419261.0
1784.0,3,1,1,1,8.4,451051.0
1271.0,1,1,26,0,2.3,188934.0
1702.0,1,1,73,0,3.8,270773.0
1353.0,4,1,71,2,6.1,293388.0
